word,candidate_edges
person,3122
plant,2501
water,2125
language,1955
animal,1811
people,1768
tree,1741
fish,1728
human,1630
salt,1590
family,1537
state,1392
bird,1353
light,1313
female,1285
food,1184
body,1180
line,1150
city,1123
system,1112
horse,1092
computer,1067
metal,1054
time,1033
head,1031
structure,1010
flower,999
book,997
group,991
worker,991
instrument,987
bone,983
woman,978
word,977
sound,974
work,969
music,967
eye,961
wood,942
function,938
point,931
building,907
action,905
dog,903
child,901
lead,886
rock,880
colour,877
fruit,876
unit,867
atom,858
insect,857
house,853
ship,843
film,840
money,836
earth,825
machine,817
product,816
car,805
medicine,804
event,802
set,799
order,794
position,785
class,776
quality,765
number,764
government,760
base,753
power,753
ring,753
part,743
shop,738
character,738
material,732
town,731
ball,730
image,728
condition,725
land,719
game,714
country,714
leaf,711
hair,709
hand,708
space,704
gas,702
plate,702
male,702
fire,698
value,696
place,689
fly,689
church,684
air,684
cut,680
form,676
paper,673
brain,672
information,672
school,670
sugar,665
bar,661
internet,640
office,637
heat,634
man,633
force,631
physical,630
river,629
meat,626
political,626
face,620
business,619
field,618
foot,617
support,612
activity,611
party,611
military,611
stone,605
seed,604
finger,600
chemical,593
tool,591
english,590
table,589
scale,586
play,584
box,583
law,581
software,580
control,579
cat,577
drink,577
soldier,577
root,573
glass,571
oil,569
star,569
change,568
culture,566
grass,564
temperature,564
right,562
letter,561
programme,560
area,560
study,560
boat,559
television,558
fear,558
flat,557
text,556
white,555
name,554
tooth,552
dance,550
wind,549
bed,546
cover,546
act,545
dish,543
silver,543
room,543
pressure,537
player,536
mouth,536
small,536
life,534
heart,529
move,528
ground,526
student,521
branch,521
use,519
coin,519
social,518
wall,518
run,515
cloth,514
record,513
court,512
science,511
sun,511
shell,511
plane,510
home,509
period,509
traditional,508
rule,501
egg,496
company,496
black,494
leg,491
sport,491
art,491
moon,486
extinct,482
weight,482
knowledge,481
sweet,479
milk,476
exercise,475
practise,471
sea,468
good,467
case,464
snake,462
gold,461
side,461
attack,459
capital,458
agent,456
green,454
village,452
fan,451
bridge,450
road,450
degree,450
hole,447
environment,445
red,441
note,439
race,439
style,439
cheese,437
shape,436
solution,436
direction,436
break,432
bread,432
board,431
vegetable,430
subject,428
situation,428
writing,428
bat,428
container,425
island,423
native,421
public,420
mark,420
dress,419
key,417
nose,417
band,416
fun,416
sheep,416
fat,415
back,413
block,413
influence,410
doctor,410
level,409
centre,406
love,406
wheel,406
large,405
ability,402
drive,402
street,402
turn,402
speech,402
card,401
sign,399
handle,397
stage,397
cow,394
market,393
knife,392
type,391
string,390
wing,390
expression,390
end,389
cake,388
cross,388
square,387
model,385
judge,385
technology,385
member,384
appearance,383
mind,383
tube,382
train,381
chain,381
theatre,380
society,380
bill,379
planet,379
yellow,379
window,378
cause,376
travel,375
plastic,375
wave,375
frame,374
leather,373
stomach,373
stop,372
natural,370
circle,369
official,368
officer,368
argument,367
walk,367
paint,367
negative,366
beetle,366
design,366
mouse,365
ear,365
separate,365
one,364
symbol,364
tail,363
rope,361
communication,361
blue,358
channel,358
song,356
course,355
blow,355
round,355
list,354
cold,354
bad,353
neck,353
ancient,353
shoe,353
arm,352
day,352
world,351
university,351
effect,351
size,351
collection,351
show,350
spring,349
desk,348
roof,347
ice,347
draw,347
medical,346
performance,346
pass,345
grape,345
chicken,345
file,343
restaurant,343
bank,342
post,342
sleep,341
call,340
strike,340
column,340
forest,339
bear,338
matter,338
floor,336
london,336
seat,335
memory,334
test,334
open,334
year,333
bag,333
map,333
track,332
increase,332
radio,331
make,331
ocean,331
clear,330
speed,330
nature,329
coat,329
mountain,328
king,328
feature,327
pleasure,327
interest,327
high,327
newspaper,325
sand,325
friend,325
go,324
strength,324
autumn,323
production,322
door,322
eat,322
picture,322
sail,322
free,321
cloud,321
bee,321
burn,320
price,318
issue,318
potato,318
competition,317
young,317
lizard,317
writer,317
hold,317
take,316
present,314
figure,314
dry,313
skill,313
idea,313
piece,312
crime,311
wool,311
crown,310
bell,310
engine,310
statement,309
rate,309
snow,309
farm,308
parent,308
leader,308
attention,308
die,308
noise,307
range,307
stream,306
entertainment,306
display,305
dead,305
kitchen,305
check,305
park,305
team,304
three,304
drop,304
bit,303
patient,303
opinion,303
a,303
feather,301
pair,301
title,301
yard,301
common,301
lake,300
mother,298
baby,298
print,298
short,298
rubber,297
voice,297
job,297
teacher,297
goal,296
passage,296
police,295
fight,294
sense,294
cook,293
low,293
mean,293
long,292
telephone,292
smoke,291
source,290
meaning,290
rice,289
bicycle,289
screen,289
weak,289
spread,288
produce,288
hospital,288
roll,288
pig,288
false,288
like,288
smooth,288
apple,287
two,286
story,286
scientific,285
watch,285
message,285
top,284
target,284
trick,284
toy,283
release,283
girl,283
weather,282
catch,282
sky,282
education,282
photograph,282
front,281
net,281
match,281
feeling,281
view,281
site,280
single,280
lift,280
return,279
lorry,278
thing,278
library,278
meal,277
musician,277
actor,276
purpose,276
rain,276
club,276
score,275
account,275
path,275
thought,274
painting,274
wash,271
bend,271
mine,271
taste,270
experience,270
leave,270
shark,270
dark,269
hat,269
lock,269
toilet,269
meeting,269
throw,268
tone,268
touch,267
bottle,267
shot,267
sauce,267
artificial,267
history,267
care,267
forward,267
drawer,266
duck,266
surname,266
close,266
destroy,265
corn,265
double,264
project,264
problem,264
age,264
trade,264
address,264
manner,263
hit,263
shoot,262
soft,261
code,261
chair,261
nation,261
fool,261
health,261
host,260
normal,260
response,260
method,260
fine,260
specific,259
sentence,258
section,258
population,258
cup,257
complete,257
divide,257
thin,257
flour,257
fast,257
coffee,257
flag,256
guard,256
clean,256
garden,256
verb,256
pocket,255
speak,255
share,253
live,253
drum,252
living,251
wild,251
second,251
true,251
clothes,251
exchange,251
suit,250
camera,250
evidence,250
platform,250
strong,249
cap,249
electric,249
turkey,248
trousers,248
talk,248
soup,247
write,247
well,247
automatic,246
adult,245
attractive,245
task,245
video,245
page,245
college,245
heavy,245
hard,244
error,244
frog,244
date,244
bowl,244
raise,244
dinosaur,243
nest,242
garage,242
trouble,242
ghost,241
pool,241
question,241
regular,240
clock,240
football,240
surprise,240
difficult,239
temple,239
artist,239
fit,239
festival,238
hot,238
romantic,237
copy,237
stay,237
feed,236
jump,236
spot,236
hotel,236
direct,236
step,236
do,235
flight,235
birth,235
great,235
can,235
magazine,234
wrong,233
express,233
future,233
result,232
cry,231
not,231
repair,231
pan,231
secret,231
violent,230
load,230
bus,230
four,229
gift,229
join,228
stand,228
professional,228
furniture,227
way,227
cool,227
brown,227
sell,226
monkey,226
bug,226
dessert,225
musical,225
focus,224
addition,223
middle,223
down,223
plan,222
fur,222
important,222
beef,221
dangerous,221
father,221
lip,220
quarter,220
opposite,220
rabbit,220
bright,220
intelligence,220
steal,219
toe,219
soap,219
keyboard,219
wife,219
desert,219
gate,219
fair,218
pen,218
poem,218
audience,218
perform,218
half,218
airport,218
staff,217
local,217
butterfly,217
together,216
biscuit,216
very,216
real,215
mail,215
tea,214
ray,214
reason,214
queen,213
basket,213
cooking,213
full,213
jack,213
fact,213
serve,212
pull,212
railway,211
conversation,211
unpleasant,211
delay,211
carry,211
simple,211
citizen,211
castle,210
creature,210
start,210
sink,210
tip,210
captain,210
gender,210
fishing,210
pay,210
refrigerator,210
foreign,210
night,209
cycle,209
consequence,208
old,208
contact,208
grey,208
lie,207
other,207
magic,207
passenger,207
similar,207
lack,206
being,206
hill,206
escape,206
rose,206
scientist,205
illegal,205
fix,205
sample,205
see,205
vote,205
shoulder,204
orange,204
traffic,204
noun,203
item,203
dust,203
author,203
goat,203
look,203
hide,203
row,202
zero,202
dollar,202
boy,202
month,202
fail,202
beach,202
shelf,202
diamond,201
coast,201
news,201
rocket,201
coach,201
reading,200
slow,200
spider,200
over,199
customer,199
split,199
mushroom,199
generation,199
button,199
wet,199
cream,199
research,198
speaker,198
outside,198
truth,198
ride,198
wooden,197
athlete,197
create,196
rhythm,196
corner,196
chest,196
context,196
sum,196
wear,196
private,196
video game,196
crowd,195
success,195
grow,195
effort,195
fill,195
accident,194
quiet,194
jellyfish,194
brush,194
bottom,194
shirt,194
shock,194
straight,194
smell,193
sandwich,193
new,192
different,192
sale,192
advantage,191
give,191
count,191
association,190
represent,190
poor,190
trap,189
winter,189
cupboard,189
chocolate,188
extremely,188
happy,188
honey,188
butter,188
will,188
difference,188
out,187
parrot,187
uniform,187
lamp,187
tie,186
float,186
shade,186
custom,185
holiday,185
fashion,184
opera,184
role,184
contest,184
wedding,184
article,183
fever,183
scene,183
trust,183
accept,183
read,183
screw,182
kind,182
five,182
loud,182
understand,182
have,182
cave,182
driver,182
couple,182
tap,182
communicate,181
angry,181
crazy,181
repeat,181
partner,181
farmer,180
jacket,180
cost,180
museum,180
powerful,180
attitude,179
thick,179
deep,179
fee,179
zone,178
principal,178
claim,178
description,178
mirror,177
website,177
detail,177
landscape,177
receive,177
beginning,177
rush,177
puzzle,177
tower,177
pilot,176
dirty,176
bathroom,176
belt,176
factory,176
script,176
station,176
fault,176
husband,176
help,175
boil,175
prevent,175
guitar,175
doubt,174
pet,174
fork,174
ruler,174
we,174
alphabet,174
up,174
baseball,174
silly,174
juice,173
correct,173
appropriate,173
ideal,173
mall,173
onion,173
kick,173
motorway,172
entrance,172
importance,172
think,172
tear,172
bedroom,172
excellent,172
tyre,171
swing,171
expert,171
report,170
search,170
mistake,170
piano,170
past,169
architecture,169
reach,169
difficulty,169
diet,169
pile,169
shake,169
oven,169
slide,168
running,168
calendar,168
lime,168
push,168
drill,168
bush,168
bite,168
win,168
holly,167
laugh,167
deal,167
bean,167
consider,167
ill,166
kingdom,166
personal,166
loose,166
prepare,166
fence,166
drawing,166
be,166
snack,166
sailor,166
little,166
try,166
storm,165
battery,165
mix,165
camp,164
royal,164
ancestor,164
supermarket,164
dream,164
rent,163
minute,163
ticket,163
robot,163
comb,163
valley,163
modern,162
online,162
basic,161
bath,161
singer,161
first,161
brother,161
danger,160
answer,160
broken,160
occupation,160
saw,159
rich,159
habit,159
follow,158
lion,158
march,158
finish,158
harm,158
romance,158
sight,158
cereal,158
shore,158
quick,157
web,156
stamp,156
grade,156
apply,156
concern,156
safe,156
quickly,156
joke,155
swallow,155
build,155
suitcase,155
audio,155
wealth,154
skirt,154
notice,154
friendly,154
thief,154
runner,154
journey,153
blanket,153
offer,153
challenge,153
develop,152
rug,152
slice,151
climb,151
knee,151
peace,151
doll,151
oak,151
tomato,151
trip,150
suitable,150
strategy,149
upset,149
chess,148
gather,148
assistant,148
spoon,148
major,148
hour,147
original,147
ribbon,147
attempt,147
ruin,147
collect,147
appear,147
harmony,146
lawyer,146
away,146
keep,146
fiction,146
average,145
kitten,145
summer,145
singing,145
discussion,145
review,145
get,145
dislike,145
pencil,145
avoid,145
lose,144
national,144
pepper,144
dam,144
continent,144
sausage,144
six,143
complain,143
warm,143
perfect,143
beauty,143
left,143
kiss,143
meet,143
big,143
pill,143
drama,143
lover,143
proper,142
celebration,142
remote,142
about,142
provide,142
police officer,142
novel,142
adjective,142
pick,142
bay,142
mat,142
lively,142
rucksack,142
shadow,141
son,141
relax,141
owner,141
bucket,141
annoy,141
shower,140
countryside,140
blame,140
especially,140
popular,140
choice,140
final,140
pink,140
flood,140
grace,139
basement,139
advertisement,139
cheap,139
boss,139
empty,138
continue,138
dancing,138
jet,138
cash,138
credit,138
even,138
sing,138
brand,138
purple,138
earthquake,137
alarm,137
swimming,137
couch,137
north,137
agency,136
balloon,136
dig,136
harvest,136
pasta,136
operate,136
rat,136
hobby,136
hall,136
beautiful,136
lot,135
snail,135
bench,135
save,135
promise,134
publish,134
whole,134
guest,134
tent,134
stuff,133
south,133
pride,133
mood,133
perfume,133
ten,133
confuse,133
pleasant,133
sudden,132
octopus,132
beard,132
near,132
spell,132
harmful,132
fresh,132
sister,131
dictionary,131
prize,131
explain,131
disturb,131
learn,131
lady,131
need,131
enter,131
birthday,131
garlic,131
agree,131
training,130
fridge,130
helicopter,130
last,130
request,130
lemon,130
dinner,130
pack,130
moment,130
swim,130
dentist,130
schedule,129
chart,129
buy,129
still,129
commitment,129
curse,128
easy,128
to,128
walking,128
special,128
envelope,128
example,128
award,127
phone,127
personality,127
in,127
add,127
impact,127
strange,127
shine,127
sweat,127
cage,127
pie,127
kite,127
fortune,127
ask,127
daughter,127
eight,127
freeze,126
say,126
annoying,126
hope,126
logical,126
topic,126
confused,126
establish,126
curry,126
wide,126
statue,125
reflect,125
again,125
cinema,125
self,125
salad,125
wait,125
whale,125
banana,125
sad,125
joy,125
tape,124
brake,124
grammar,124
morning,124
oppose,124
sock,124
flea,124
chance,124
prince,124
century,124
sit,124
glue,124
certain,123
evening,123
painter,123
monster,123
rude,123
same,123
hero,123
come,123
helmet,122
pizza,122
classroom,122
boring,122
after,122
happen,121
just,121
predict,121
all,121
horror,121
ugly,121
significant,121
anyone,121
bounce,121
post office,121
necessary,120
tell,120
visit,120
raw,120
board game,120
chemist,120
elephant,120
policeman,120
fancy,120
fog,120
explanation,119
pond,119
underwater,119
jam,119
grocery store,119
freedom,119
wallet,118
garbage,118
worry,118
ham,118
inch,118
on,118
feel,118
ice cream,118
clerk,117
manager,117
tall,117
happiness,117
manage,117
know,117
describe,117
swimming pool,117
something,117
engineer,116
strict,116
spy,116
exist,116
bake,116
basketball,116
believe,116
permission,116
careful,115
early,115
own,115
nervous,115
reveal,115
unusual,114
zoo,114
survey,114
pacific,114
violin,114
breathe,114
printer,114
tick,113
unknown,113
inspiration,113
begin,113
possible,113
seven,113
hunter,113
complaint,113
credit card,113
mad,113
album,113
nothing,112
stadium,112
marry,112
smart,112
west,112
east,112
succeed,112
remain,112
encourage,112
sunlight,112
stripe,112
advice,111
vacation,111
rock music,111
you,111
lazy,111
tight,111
before,111
alive,111
indicate,111
geography,111
alien,111
angel,111
umbrella,111
achieve,110
closed,110
guy,110
gentle,110
inside,109
hundred,109
coconut,109
brilliant,109
admit,109
best,109
cheek,109
any,108
wisdom,108
adjust,108
allow,108
hurt,108
debate,108
stove,108
better,108
youth,108
background,108
introduce,108
gallery,107
chef,107
healthy,107
find,107
married,107
teach,107
cricket,107
international,107
become,106
tourist,106
concert,106
expensive,106
dancer,106
advertising,106
pretend,106
toast,106
smoking,106
tv,106
cough,106
third,105
now,105
uncertain,105
tiger,105
put,105
improve,105
discover,105
behind,105
independence,104
liberty,104
eagle,104
cushion,104
dolphin,104
roast,103
impress,103
wander,103
circus,103
celebrate,103
familiar,103
mobile,103
sofa,103
between,102
tidy,102
nurse,102
mobile phone,102
nice,102
or,102
precise,102
jelly,101
skip,101
listen,101
richard,101
emergency,101
wise,101
tradition,101
useful,100
funny,100
secretary,100
photography,100
excited,100
hate,100
director,100
pea,100
sailing,100
bulb,100
hear,99
kid,99
educational,99
no,99
penguin,99
bury,99
discuss,99
miss,99
tune,99
spend,99
summary,98
journalist,98
contrast,98
successful,98
more,98
car park,97
chin,97
pop,97
ready,97
barbecue,97
seek,97
gym,97
fairy,97
off,96
send,96
remember,96
sew,96
click,96
elbow,96
stranger,95
lane,95
splash,95
costume,95
energetic,95
heating,95
clever,95
skiing,95
pancake,95
sick,95
extra,95
silence,95
opportunity,95
shout,94
may,94
choose,94
wonderful,94
bookstore,94
climbing,94
adventure,93
belly,93
pretty,93
bloom,93
noisy,93
torch,93
wonder,93
mug,93
around,92
grandfather,92
blank,92
i,92
senior,92
injure,92
week,92
comfortable,92
progressive,92
replace,92
glove,92
reader,92
argue,91
cd,91
above,91
expect,91
decide,91
reply,91
web page,91
ankle,91
scissors,90
us,90
frank,90
bandage,90
comic,90
survive,90
clown,90
want,89
subway,89
pour,89
scarf,89
late,89
exciting,89
breakfast,89
busy,89
globe,89
elderly,88
polite,88
bring,88
excuse,88
usually,88
golf,88
peter,88
inner,88
swan,88
towel,88
weigh,88
many,88
wish,88
committee,88
wake,87
pirate,87
some,87
fare,87
crisp,87
guess,86
hockey,86
anniversary,86
creative,86
please,86
cheer,86
shy,86
chat,86
unfair,86
below,86
with,85
instant,85
and,85
exit,85
store,85
pyramid,84
waterfall,84
prediction,84
junk,84
brave,84
seafood,84
cartoon,84
arrive,84
maker,84
department store,83
through,83
sore,83
pear,83
lily,83
pronunciation,83
yes,83
shopping,83
tram,83
famous,83
batch,83
champagne,83
twelve,83
robert,83
mum,83
talent,83
menu,82
necklace,82
playful,82
smile,82
rob,82
regret,82
impossible,82
everything,82
appointment,82
for,82
luck,81
exhibition,81
imagination,81
thousand,81
cute,81
knock,81
pronounce,81
notebook,81
soda,81
likely,81
advise,81
rap,80
punctuation,80
tired,80
anxious,80
concentrate,80
pleasing,80
frighten,80
skate,80
pollution,80
lifestyle,80
grandmother,80
million,79
camel,79
mystery,79
most,79
lunch,79
living room,79
quit,79
receipt,79
chapter,79
under,79
waiter,79
solve,79
fifth,79
cent,79
pity,78
fantastic,78
david,78
golden,78
mention,78
acceptable,78
leisure,78
swimsuit,78
tour,78
yoghurt,78
armed,78
hurry,78
of,78
rainbow,77
dishonest,77
suggestion,77
composer,77
far,77
surfing,77
tortoise,76
budget,76
hamburger,76
fisherman,76
it,76
uncle,76
hop,76
intelligent,76
ski,75
napkin,75
without,75
mary,75
enjoy,75
nine,75
reporter,75
borrow,74
bride,74
invent,74
sweetheart,74
satisfy,74
robbery,74
but,74
cab,74
headache,74
astronaut,73
fry,73
awake,73
suggest,73
glasses,73
what,73
peaceful,73
spill,73
taxi,73
explore,72
café,72
donkey,72
across,72
another,72
steak,72
ending,71
refer,71
fried,71
daily,71
welcome,71
fighter,70
whistle,70
tennis,70
disadvantage,70
bargain,70
unimportant,70
shampoo,70
as,70
creativity,69
imagine,69
friendship,69
disappear,69
dear,69
terrible,69
pursue,69
killer,69
favourite,69
girlfriend,69
must,69
interview,69
compare,69
lesson,69
vocabulary,69
retire,69
apart,69
pineapple,69
smith,69
several,69
bin,68
additional,68
kangaroo,68
goodbye,68
suddenly,68
include,68
winner,68
that,68
bother,68
at,67
visitor,67
earn,67
pop music,67
belong,67
greedy,67
paul,67
disco,67
rugby,67
only,66
lyric,66
tractor,66
physically,66
childhood,66
scream,65
aisle,65
further,65
sweater,65
racket,65
apron,65
often,65
forget,65
id,65
furry,65
let,65
really,64
always,64
amusement,64
jeans,64
mechanic,64
due,64
palace,64
alone,64
melon,64
episode,64
soft drink,64
treasure,64
sandy,63
singular,63
fully,63
overweight,63
coke,63
clap,63
much,63
hug,63
easily,63
pray,63
orphan,62
medal,62
asleep,62
delicious,62
cop,62
unhappy,62
recent,62
sunday,62
forever,62
so,62
appreciate,62
puppy,61
kit,61
graduate,61
used,61
everyone,61
daylight,61
noon,61
ok,61
august,61
surf,61
someone,61
olive oil,61
foreigner,61
prefer,61
merry,61
bus stop,61
fourth,61
princess,60
interesting,60
consist,60
breeze,60
slim,60
junior,60
both,60
clone,60
jungle,60
frightening,60
forbid,60
sunshine,60
moustache,60
panic,60
editor,60
handbag,60
tenth,60
sleepy,59
everyday,59
confident,59
lost,59
afraid,59
comparative,59
slowly,59
essay,59
burger,59
high school,59
usual,58
dad,58
convenience,58
pardon,58
eleven,58
this,58
less,58
roundabout,58
carrot,58
dining room,58
teenager,58
crocodile,58
fast food,58
balcony,58
awful,58
anything,58
whisper,57
hungry,57
mysterious,57
lend,57
huge,57
once,57
shorts,57
unhealthy,57
scenery,57
unfriendly,56
rather,56
take off,56
he,56
thunderstorm,56
the,56
cousin,56
petrol,56
plural,56
super,56
certainly,56
clue,56
relaxed,56
strawberry,56
cloudy,55
handsome,55
where,55
beg,55
armchair,55
while,55
following,55
recycle,55
psychologist,55
email,55
put on,55
envy,54
invention,54
folder,54
chirp,53
milkshake,53
greet,53
weep,53
because,53
cassette,53
invite,53
twenty,53
exactly,53
almost,53
poster,53
zebra,53
sue,52
uneasy,52
if,52
shopping centre,52
sorry,52
uncomfortable,52
advanced,52
disagree,52
might,52
seaside,52
dvd,52
textbook,52
worst,52
euro,52
movie,52
classical music,52
aunt,52
sunflower,52
vase,51
ambition,51
sledge,51
surprising,51
admire,51
paragraph,51
spaghetti,51
boyfriend,51
cheque,51
afternoon,51
sunglasses,51
tom,51
supper,51
worse,51
pat,51
me,50
from,50
automatically,50
lucky,50
inexpensive,50
toothbrush,50
badly,50
such,50
symphony,50
terrify,50
amazing,50
wheelchair,50
chimpanzee,50
skateboard,50
roughly,49
haircut,49
february,49
photographer,49
jane,49
mosque,49
bracelet,49
however,48
bra,48
comic book,48
come on,48
gradually,48
convenient,48
here,48
truly,48
hello,48
nationality,48
giraffe,48
mango,48
sake,48
designer,48
skyscraper,47
heavily,47
tablespoon,47
go away,47
later,47
nick,47
given,47
they,47
invade,47
dress up,47
shut,47
pilgrim,47
go out,47
lovely,47
unnecessary,46
elementary,46
cooler,46
ambulance,46
spaceship,46
hiking,46
get off,46
bike,46
cruise,46
downtown,46
midnight,46
soon,46
nearly,46
september,46
depend,46
also,45
which,45
helpful,45
diary,45
sure,45
pollute,45
robin,45
invitation,44
hike,44
plenty,44
next,44
traffic light,44
waitress,44
toothpaste,44
earring,44
windy,44
maths,44
skating,44
turn on,44
seem,44
everywhere,44
every,44
superlative,44
april,43
loudly,43
kilometre,43
snowboard,43
meta,43
unkind,43
clearly,43
horrible,43
sixth,43
enough,43
sir,43
grandparent,43
pal,43
dizzy,42
campus,42
rating,42
by,42
bonus,42
bookshelf,42
untidy,42
badminton,42
sally,42
cola,42
fetch,41
yet,41
bus station,41
an,41
why,41
chairman,41
pc,41
apparently,41
daisy,41
enormous,41
businessman,41
spotted,41
their,41
download,41
portrait,41
thirty,40
how,40
banking,40
thanks,40
playground,40
yesterday,40
classic,40
bye,40
regularly,40
weekend,40
each,40
eighth,40
lemonade,40
unlike,40
get up,40
worldwide,40
embarrassing,40
thank you,39
blond,39
thirsty,39
wake up,39
ahead,39
escalator,39
photo,39
cycling,39
january,39
laptop,39
monday,39
crayon,39
quiz,38
cafeteria,38
camping,38
actually,38
fairly,38
fifteen,38
frightened,38
turn off,38
crowded,38
washing machine,38
pence,38
twice,37
teenage,37
stair,37
drugstore,37
oh,37
barber,37
december,37
july,37
carefully,37
volleyball,36
rainy,36
homework,36
championship,36
besides,36
june,36
harry,36
bookcase,36
him,36
picnic,36
chips,35
raincoat,35
aged,35
police station,35
would,35
today,35
snowboarding,35
pleased,35
cleaner,35
thirteen,35
quite,35
indeed,35
lonely,34
who,34
she,34
november,34
wow,34
postcard,34
simply,34
ben,34
them,34
apartment,34
fire engine,34
naughty,34
kiwi,34
scary,33
october,33
underline,33
perhaps,33
there,33
kindly,33
grandchild,33
go to bed,33
developed,33
mostly,32
greatly,32
fifty,32
hi,32
sunny,32
bookshop,32
timetable,31
his,31
glad,31
somewhere,31
panda,31
forty,31
remind,31
bored,31
first name,31
sam,30
pyjamas,30
grandma,30
pro,30
never,30
saturday,30
twelfth,30
practice,30
strongly,30
indoor,30
along,30
exam,30
motorbike,30
digital camera,30
snowball,29
george,29
striped,29
text message,29
nowhere,29
daddy,29
sometimes,29
disappointed,29
worried,29
curly,29
should,29
hardly,28
weekday,28
tights,28
dan,28
granny,28
either,28
therefore,28
schoolchild,28
deeply,28
her,28
its,28
my,28
since,28
capital letter,28
laziness,28
widely,28
midday,27
thank,27
those,27
abroad,27
snowy,27
fall over,26
anywhere,26
recently,26
then,26
snowman,26
endangered,26
alice,26
get on,26
maybe,26
friday,26
retired,26
receptionist,26
semester,26
when,25
successfully,25
alarm clock,25
tomorrow,25
foggy,25
well done,25
else,25
surprised,25
seventh,25
sadly,25
missing,25
learner,25
nineteen,25
interested,25
all right,24
eighty,24
sixty,24
skateboarding,24
grandson,24
probably,24
racing car,24
latest,24
polar bear,24
seriously,24
lots,24
finally,24
mineral water,24
fascinating,24
possibly,23
max,23
overseas,23
ninth,23
look for,23
beginner,23
cooker,23
reunion,23
betty,23
brainstorm,23
look after,23
partly,23
quietly,23
find out,22
william,22
hooray,22
table tennis,22
grateful,22
weekly,22
cd player,22
impatient,22
latter,22
fall,22
blonde,22
perfectly,22
fourteen,22
too,22
dressed,22
anyway,21
seventy,21
smoothly,21
sitting room,21
disappointing,21
ice skating,21
until,21
ago,21
oliver,21
blackboard,21
headteacher,21
michael,21
sightseeing,21
tuesday,20
upstairs,20
sixteen,20
jill,20
angrily,20
in front of,20
fire station,20
charlie,20
mainly,20
wednesday,20
watermelon,20
handicapped,19
look at,19
yeah,19
grilled,19
softly,19
next to,19
get to,19
shall,19
sixteenth,19
out of,19
nowadays,18
eighteen,18
app,18
stomachache,18
granddaughter,18
during,18
last name,18
unfortunately,18
roller skating,18
main course,18
guidebook,18
teddy,18
thursday,18
toothache,18
boiled,18
mrs,18
anna,18
than,17
ever,17
ninety,17
instead,17
twentieth,17
boots,17
mr,17
differently,17
correctly,16
petrol station,16
grandpa,16
swimming costume,16
elsewhere,16
your,16
happily,16
olympic,16
baseball cap,16
sarah,16
fred,16
matt,16
seventeen,16
could,15
alright,15
tonight,15
classmate,15
helen,15
shop assistant,15
tennis racket,15
look like,15
of course,15
have got,14
alex,14
go to sleep,14
get dressed,14
footballer,14
no problem,14
olympics,14
hippo,14
jim,14
our,14
thirteenth,14
trainers,14
kilo,14
policewoman,13
eleventh,13
theirs,13
make sure,13
fortunately,13
basically,13
lunchtime,13
ann,13
superstar,13
already,13
seventeenth,13
hugo,13
granddad,12
sleepless,12
city center,12
five hundred,12
silently,12
schoolwork,12
clare,12
me too,11
fourteenth,11
sophia,11
truck,11
see you,11
chopsticks,11
emma,11
tour guide,10
eighteenth,10
amused,10
earache,10
businesswoman,10
luckily,10
nineteenth,10
how much,10
noodles,10
katy,10
these,10
hometown,10
excuse me,9
id card,9
lucy,9
yours,9
kim,9
pants,9
candy,8
olives,8
fifteenth,8
cookie,7
pop star,7
wifi,7
elevator,7
roller skates,7
mom,7
funfair,7
julia,7
ours,7
downstairs,7
soccer,7
headphone,7
importantly,6
interviewer,6
someday,6
zoe,6
whose,6
eva,6
meatballs,5
how many,5
hers,5
ice skates,5
lots of,5
highway,5
oh dear,4
four hundred,4
unforgettable,4
would like,4
three hundred,4
town center,4
how long,3
seven hundred,3
sports centre,3
six hundred,3
anymore,3
two hundred,3
eight hundred,3
go shopping,2
be called,2
nine hundred,2
fire fighter,1
vicky,1
by yourself,0
p.m.,0
a few,0
let's,0
at the moment,0
a lot of,0
a lot,0
straight on,0
washing-up,0
good-looking,0
e-book,0
have [got] to,0
a little,0
how often,0
t-shirt,0
as ... as,0
x-ray,0
well-known,0
o'clock,0
o’clock,0
half-price,0
don't worry,0
take a photo / picture,0
get undressed,0
how old,0
if you want,0
left-hand,0
right-hand,0
no-one,0
in a minute,0
grown-up,0
a.m.,0
by myself,0
you're welcome,0
television / tv,0
stomach-ache,0
make-up,0
