word,edges
a few,0
a little,0
a lot,0
a lot of,0
a.m.,0
as ... as,0
at the moment,0
by myself,0
by yourself,0
don't worry,0
e-book,0
eight hundred,0
emma,0
eva,0
fire fighter,0
footballer,0
get undressed,0
good-looking,0
grown-up,0
half-price,0
hate,0
have [got] to,0
headphone,0
helen,0
how often,0
how old,0
hugo,0
ice skates,0
if you want,0
in a minute,0
julia,0
kim,0
left-hand,0
let's,0
lots of,0
make-up,0
meatballs,0
nine hundred,0
ninety,0
no-one,0
o'clock,0
oh dear,0
o’clock,0
p.m.,0
right-hand,0
roller skates,0
sake,0
see you,0
seven hundred,0
six hundred,0
stomach-ache,0
straight on,0
t-shirt,0
take a photo / picture,0
television / tv,0
three hundred,0
two hundred,0
vicky,0
washing-up,0
well-known,0
wifi,0
x-ray,0
you're welcome,0
alex,1
ann,1
anymore,1
be called,1
beginner,1
crocodile,1
downstairs,1
earache,1
four hundred,1
go shopping,1
go to sleep,1
grilled,1
how long,1
jim,1
katy,1
lucy,1
lunchtime,1
me too,1
michael,1
mr,1
noodles,1
pop star,1
racing car,1
richard,1
sports centre,1
town center,1
unforgettable,1
yours,1
blackboard,2
city center,2
clare,2
dizzy,2
elsewhere,2
envy,2
excuse me,2
fifteen,2
first name,2
five hundred,2
funfair,2
hippo,2
hometown,2
importantly,2
interviewer,2
laziness,2
make sure,2
mosque,2
mrs,2
oh,2
sarah,2
seventy,2
sleepless,2
superstar,2
teddy,2
thank you,2
these,2
twentieth,2
your,2
zoe,2
amused,3
anyway,3
app,3
businesswoman,3
capital letter,3
chopsticks,3
clone,3
dressed,3
eighty,3
fifteenth,3
fifty,3
fourteenth,3
guidebook,3
how many,3
kilo,3
kilometre,3
mary,3
mineral water,3
no problem,3
of course,3
olive oil,3
oliver,3
peter,3
petrol station,3
sightseeing,3
silently,3
sixty,3
smoothly,3
snowy,3
sophia,3
stomachache,3
trainers,3
wake up,3
would like,3
alice,4
angrily,4
anna,4
automatically,4
bra,4
david,4
dvd,4
endangered,4
fire engine,4
forty,4
george,4
get dressed,4
hers,4
hooray,4
jill,4
last name,4
matt,4
motorbike,4
nineteenth,4
olympic,4
olympics,4
ours,4
pc,4
pence,4
polar bear,4
pronunciation,4
pyjamas,4
rock music,4
roller skating,4
seventh,4
someday,4
sunflower,4
theirs,4
thirty,4
whose,4
william,4
cd player,5
charlie,5
cooker,5
correctly,5
crowded,5
curly,5
dinosaur,5
eleventh,5
fall over,5
fast food,5
find out,5
fire station,5
fourteen,5
go to bed,5
greedy,5
highway,5
ice skating,5
inexpensive,5
lost,5
main course,5
million,5
moustache,5
ninth,5
overseas,5
penguin,5
picnic,5
police station,5
possibly,5
schoolwork,5
semester,5
seventeen,5
shop assistant,5
sixteen,5
soft drink,5
swimming costume,5
toothache,5
tour guide,5
untidy,5
aged,6
all right,6
astronaut,6
baseball cap,6
basically,6
boiled,6
chimpanzee,6
dan,6
developed,6
differently,6
during,6
earring,6
eighteenth,6
fred,6
gradually,6
granddad,6
granddaughter,6
handicapped,6
have got,6
id card,6
indoor,6
jane,6
kangaroo,6
kiwi,6
lily,6
look after,6
midday,6
missing,6
mobile phone,6
mostly,6
november,6
october,6
olives,6
rainy,6
robert,6
sandy,6
seriously,6
seventeenth,6
shall,6
sitting room,6
smith,6
snowball,6
spotted,6
striped,6
table tennis,6
teenage,6
text message,6
tomorrow,6
washing machine,6
watermelon,6
web page,6
well done,6
worldwide,6
yeah,6
abroad,7
bride,7
burger,7
businessman,7
camel,7
classical music,7
classmate,7
cola,7
cookie,7
disappointing,7
elevator,7
euro,7
fairy,7
foggy,7
friday,7
grandchild,7
grandson,7
how much,7
impatient,7
interested,7
january,7
learner,7
lonely,7
look for,7
look like,7
married,7
max,7
meta,7
mom,7
nineteen,7
overweight,7
panda,7
paul,7
probably,7
psychologist,7
quietly,7
reunion,7
sixteenth,7
soccer,7
stair,7
strawberry,7
successfully,7
than,7
then,7
thirteen,7
thirteenth,7
thursday,7
tonight,7
tuesday,7
weekly,7
winner,7
ago,8
alright,8
aunt,8
beg,8
boots,8
camping,8
candy,8
cassette,8
chairman,8
cleaner,8
cough,8
could,8
cycling,8
december,8
deeply,8
designer,8
ever,8
fascinating,8
fortunately,8
garlic,8
get on,8
hello,8
instead,8
its,8
june,8
kindly,8
laptop,8
maybe,8
monday,8
octopus,8
pear,8
playful,8
policewoman,8
pop music,8
raincoat,8
sadly,8
september,8
shorts,8
sixth,8
snowboarding,8
snowman,8
spaghetti,8
sunglasses,8
teenager,8
tennis racket,8
those,8
toothpaste,8
tourist,8
until,8
vase,8
wednesday,8
weep,8
zebra,8
already,9
armed,9
blonde,9
bracelet,9
eighteen,9
enormous,9
finally,9
fried,9
get to,9
happily,9
heavily,9
high school,9
hiking,9
his,9
in front of,9
mango,9
mechanic,9
melon,9
next to,9
out of,9
pancake,9
pants,9
pineapple,9
plural,9
quiz,9
recently,9
remind,9
retired,9
saturday,9
scarf,9
schoolchild,9
seaside,9
shopping centre,9
since,9
skyscraper,9
softly,9
such,9
surprised,9
thousand,9
too,9
tractor,9
underline,9
unfortunately,9
upstairs,9
weekday,9
whistle,9
yesterday,9
alarm clock,10
anniversary,10
april,10
betty,10
bonus,10
cafeteria,10
campus,10
childhood,10
cloudy,10
comic book,10
confident,10
crayon,10
digital camera,10
eighth,10
elderly,10
exam,10
get up,10
giraffe,10
goodbye,10
graduate,10
helmet,10
holly,10
horrible,10
hunter,10
indeed,10
invade,10
latter,10
luckily,10
maker,10
nowadays,10
our,10
pal,10
partly,10
perfectly,10
perhaps,10
petrol,10
photographer,10
pro,10
robin,10
sam,10
should,10
ski,10
snowboard,10
sometimes,10
strongly,10
sue,10
sunny,10
therefore,10
thirsty,10
tights,10
tortoise,10
traditional,10
turn off,10
twice,10
unimportant,10
unnecessary,10
vocabulary,10
wander,10
weekend,10
widely,10
advanced,11
ankle,11
banking,11
blond,11
bookcase,11
bookshelf,11
brainstorm,11
cd,11
chips,11
clown,11
consist,11
dining room,11
download,11
dress up,11
escalator,11
frightened,11
glad,11
grammar,11
grandma,11
grandpa,11
harry,11
headteacher,11
hungry,11
international,11
invitation,11
july,11
lemonade,11
lots,11
oak,11
pardon,11
postcard,11
receptionist,11
relaxed,11
rugby,11
sally,11
skateboard,11
skateboarding,11
snail,11
spaceship,11
swimsuit,11
tablespoon,11
thanks,11
their,11
them,11
truck,11
twenty,11
unlike,11
wow,11
yoghurt,11
ambulance,12
ancestor,12
barber,12
borrow,12
bus station,12
carefully,12
composer,12
convenient,12
curse,12
daddy,12
daisy,12
disagree,12
disappointed,12
earthquake,12
email,12
embarrassing,12
frank,12
furry,12
glove,12
go away,12
grandparent,12
granny,12
grateful,12
heating,12
helpful,12
hi,12
invent,12
latest,12
look at,12
mainly,12
monster,12
my,12
mysterious,12
nationality,12
never,12
noisy,12
onion,12
pepper,12
photo,12
pirate,12
portrait,12
recycle,12
regularly,12
roughly,12
sausage,12
sew,12
singer,12
smoking,12
thank,12
there,12
thunderstorm,12
timetable,12
tom,12
toothbrush,12
towel,12
unfriendly,12
wheelchair,12
windy,12
yes,12
ahead,13
asleep,13
badminton,13
balcony,13
bookshop,13
café,13
carrot,13
cheque,13
climbing,13
depend,13
disadvantage,13
drugstore,13
elbow,13
extinct,13
february,13
fetch,13
fisherman,13
get off,13
greatly,13
greet,13
haircut,13
handsome,13
headache,13
hike,13
ice cream,13
inner,13
later,13
lazy,13
lime,13
loudly,13
medal,13
nurse,13
online,13
painter,13
pasta,13
pea,13
photography,13
pity,13
rating,13
sailor,13
scary,13
seafood,13
sorry,13
sunday,13
swimming pool,13
thief,13
truly,13
twelfth,13
used,13
waitress,13
whisper,13
who,13
worried,13
ambition,14
anywhere,14
apparently,14
august,14
badly,14
banana,14
championship,14
cheek,14
cousin,14
cute,14
delicious,14
department store,14
diary,14
dishonest,14
dislike,14
downtown,14
easily,14
editor,14
elementary,14
excited,14
forget,14
id,14
junior,14
lucky,14
midnight,14
naughty,14
parrot,14
pilgrim,14
playground,14
pleased,14
police officer,14
pollute,14
princess,14
sledge,14
soon,14
supper,14
surprising,14
tick,14
today,14
tomato,14
tradition,14
traffic light,14
unhealthy,14
unkind,14
volleyball,14
website,14
why,14
youth,14
additional,15
afternoon,15
along,15
bandage,15
ben,15
boyfriend,15
busy,15
chirp,15
clearly,15
clue,15
coke,15
convenience,15
dancer,15
diet,15
discuss,15
donkey,15
each,15
either,15
energetic,15
episode,15
fifth,15
fighter,15
forbid,15
foreigner,15
fourth,15
golden,15
him,15
honey,15
interesting,15
journalist,15
lend,15
milkshake,15
mushroom,15
mystery,15
nine,15
pacific,15
palace,15
plenty,15
pollution,15
poster,15
purple,15
senior,15
shy,15
simply,15
slim,15
slowly,15
suddenly,15
surf,15
swan,15
symphony,15
take off,15
taxi,15
uncomfortable,15
we,15
worse,15
would,15
actually,16
annoying,16
audio,16
beetle,16
belly,16
both,16
budget,16
bulb,16
certainly,16
chef,16
clap,16
clever,16
coconut,16
committee,16
confused,16
daily,16
dolphin,16
elephant,16
eleven,16
exciting,16
fiction,16
fully,16
go out,16
grandmother,16
grocery store,16
handbag,16
her,16
huge,16
hurry,16
independence,16
killer,16
kit,16
lawyer,16
lifestyle,16
next,16
noon,16
once,16
physically,16
pray,16
progressive,16
puppy,16
pursue,16
replace,16
salad,16
scientific,16
secretary,16
seven,16
she,16
sure,16
tape,16
textbook,16
uneasy,16
video game,16
when,16
which,16
afraid,17
alone,17
amazing,17
angel,17
apart,17
besides,17
board game,17
bored,17
come on,17
concentrate,17
cooler,17
credit card,17
daylight,17
director,17
disappear,17
educational,17
fever,17
folder,17
given,17
golf,17
helicopter,17
include,17
invite,17
nearly,17
nervous,17
nick,17
peaceful,17
pour,17
pyramid,17
roundabout,17
rude,17
sleepy,17
steak,17
successful,17
they,17
this,17
tiger,17
unhappy,17
whale,17
admire,18
aisle,18
appreciate,18
apron,18
artificial,18
automatic,18
awake,18
basketball,18
breakfast,18
breeze,18
bury,18
bus stop,18
cheer,18
cinema,18
click,18
comic,18
complain,18
crisp,18
disco,18
exactly,18
famous,18
friendship,18
frightening,18
fry,18
guess,18
gym,18
hamburger,18
hobby,18
invention,18
less,18
living room,18
london,18
maths,18
nowhere,18
panic,18
paragraph,18
rainbow,18
several,18
solve,18
splash,18
superlative,18
treasure,18
uncle,18
unfair,18
wake,18
wooden,18
across,19
almost,19
awful,19
barbecue,19
bike,19
butterfly,19
car park,19
chemist,19
every,19
exit,19
flood,19
ham,19
hardly,19
hero,19
hockey,19
hug,19
intelligent,19
jeans,19
kingdom,19
menu,19
modern,19
national,19
notebook,19
only,19
personality,19
post office,19
prediction,19
prefer,19
printer,19
racket,19
scream,19
seem,19
shut,19
sir,19
skate,19
tenth,19
torch,19
turn on,19
us,19
welcome,19
again,20
armchair,20
because,20
blank,20
by,20
classic,20
else,20
enough,20
everywhere,20
excuse,20
fairly,20
favourite,20
frighten,20
glasses,20
jelly,20
landscape,20
leisure,20
lovely,20
manager,20
necklace,20
pat,20
put on,20
really,20
roast,20
scientist,20
six,20
sore,20
spider,20
suggestion,20
tired,20
ugly,20
underwater,20
usual,20
violin,20
visitor,20
waiter,20
waterfall,20
wisdom,20
worst,20
alien,21
alphabet,21
amusement,21
architecture,21
bean,21
chart,21
chat,21
continent,21
contrast,21
cruise,21
dictionary,21
emergency,21
ending,21
enjoy,21
explore,21
fantastic,21
from,21
goat,21
grandfather,21
impossible,21
jungle,21
knee,21
late,21
lemon,21
lively,21
merry,21
often,21
polite,21
pronounce,21
recent,21
rhythm,21
robbery,21
shampoo,21
skiing,21
somewhere,21
spoon,21
spy,21
strategy,21
summer,21
surfing,21
sweetheart,21
while,21
acceptable,22
an,22
anxious,22
baseball,22
bookstore,22
bye,22
comfortable,22
compare,22
curry,22
dentist,22
everyday,22
fall,22
festival,22
flea,22
following,22
girlfriend,22
glue,22
guitar,22
homework,22
hop,22
interview,22
jellyfish,22
jet,22
me,22
mum,22
rat,22
raw,22
satisfy,22
scissors,22
singular,22
skating,22
snack,22
south,22
sweater,22
tennis,22
terrify,22
umbrella,22
wealth,22
west,22
wife,22
advertising,23
advice,23
album,23
argue,23
athlete,23
bake,23
battery,23
bin,23
broken,23
description,23
eagle,23
east,23
everyone,23
exhibition,23
farmer,23
guest,23
imagine,23
lover,23
medical,23
mix,23
mug,23
ok,23
perfume,23
popular,23
quit,23
quite,23
railway,23
ready,23
refer,23
remote,23
reporter,23
rob,23
robot,23
rucksack,23
scenery,23
smile,23
subway,23
sunlight,23
through,23
tour,23
tram,23
unknown,23
where,23
above,24
belong,24
brave,24
clerk,24
cushion,24
earn,24
eight,24
expensive,24
generation,24
grey,24
how,24
illegal,24
joke,24
kiss,24
lion,24
logical,24
lunch,24
lyric,24
no,24
novel,24
orphan,24
owner,24
predict,24
pretend,24
remember,24
retire,24
sauce,24
self,24
sick,24
soda,24
spend,24
survive,24
the,24
toast,24
tv,24
twelve,24
uniform,24
wish,24
without,24
yet,24
advise,25
also,25
anyone,25
background,25
bargain,25
blame,25
cab,25
chapter,25
chin,25
comparative,25
dig,25
electric,25
essay,25
further,25
he,25
here,25
improve,25
instant,25
introduce,25
juice,25
knock,25
lane,25
local,25
mobile,25
north,25
poor,25
precise,25
pride,25
rather,25
regret,25
rose,25
sample,25
spill,25
tent,25
terrible,25
turkey,25
usually,25
video,25
weigh,25
wonderful,25
you,25
ancient,26
beef,26
begin,26
boil,26
brand,26
cage,26
celebrate,26
crazy,26
due,26
early,26
engineer,26
explain,26
explanation,26
flour,26
frog,26
globe,26
healthy,26
lesson,26
most,26
oppose,26
policeman,26
ribbon,26
rocket,26
shopping,26
silence,26
sit,26
summary,26
super,26
what,26
always,27
another,27
appointment,27
basic,27
biscuit,27
cent,27
century,27
choose,27
creative,27
cricket,27
debate,27
describe,27
especially,27
focus,27
freedom,27
harmful,27
kid,27
mention,27
might,27
much,27
must,27
orange,27
photograph,27
pie,27
pink,27
prince,27
puzzle,27
reader,27
sister,27
so,27
survey,27
technology,27
tidy,27
uncertain,27
angry,28
as,28
assistant,28
best,28
between,28
birth,28
bloom,28
bush,28
chess,28
closed,28
complaint,28
empty,28
forever,28
hear,28
however,28
if,28
impact,28
injure,28
joy,28
junk,28
luck,28
mad,28
operate,28
private,28
shirt,28
shout,28
skirt,28
someone,28
stripe,28
talent,28
teach,28
ten,28
third,28
tight,28
topic,28
unusual,28
valley,28
adventure,29
agency,29
arrive,29
author,29
believe,29
bother,29
brown,29
camera,29
cash,29
celebration,29
collect,29
concert,29
costume,29
dad,29
driver,29
expert,29
familiar,29
happiness,29
left,29
likely,29
many,29
mood,29
nothing,29
permission,29
romance,29
saw,29
script,29
shark,29
stomach,29
sweat,29
tune,29
useful,29
visit,29
week,29
wise,29
zone,29
agree,30
beard,30
become,30
behind,30
calendar,30
chocolate,30
dessert,30
discussion,30
envelope,30
gender,30
horror,30
i,30
load,30
middle,30
motorway,30
musician,30
napkin,30
pack,30
pleasing,30
pop,30
practice,30
prevent,30
rap,30
ray,30
receipt,30
send,30
shoulder,30
sing,30
stadium,30
suggest,30
achieve,31
add,31
breathe,31
cartoon,31
credit,31
evening,31
five,31
gallery,31
hundred,31
imagination,31
impress,31
let,31
mirror,31
normal,31
peace,31
pizza,31
pond,31
punctuation,31
reply,31
rice,31
same,31
sandwich,31
singing,31
skip,31
stove,31
succeed,31
sudden,31
three,31
winter,31
any,32
at,32
batch,32
blanket,32
chest,32
confuse,32
contact,32
continue,32
cop,32
couple,32
creativity,32
dam,32
dancing,32
feed,32
harmony,32
jam,32
keyboard,32
listen,32
marry,32
may,32
of,32
opposite,32
relax,32
repeat,32
response,32
romantic,32
royal,32
seek,32
shore,32
sock,32
son,32
still,32
surname,32
that,32
tower,32
tube,32
under,32
adjust,33
below,33
bucket,33
cream,33
difficulty,33
dirty,33
final,33
fresh,33
guy,33
happen,33
major,33
manage,33
personal,33
reflect,33
research,33
reveal,33
screw,33
smell,33
sunshine,33
tall,33
verb,33
worry,33
apartment,34
avoid,34
basket,34
beach,34
boring,34
brake,34
certain,34
daughter,34
dear,34
doubt,34
drama,34
extremely,34
friendly,34
holiday,34
ideal,34
inspiration,34
know,34
mistake,34
off,34
opportunity,34
pencil,34
perfect,34
planet,34
powerful,34
prize,34
repair,34
ruler,34
sad,34
slice,34
smart,34
speaker,34
strange,34
stranger,34
toe,34
training,34
trap,34
trousers,34
anything,35
association,35
average,35
award,35
balloon,35
beauty,35
cave,35
cheap,35
cheese,35
code,35
coffee,35
cycle,35
decide,35
delay,35
encourage,35
exist,35
fool,35
gentle,35
half,35
husband,35
monkey,35
more,35
morning,35
partner,35
phone,35
pile,35
professional,35
remain,35
review,35
shower,35
some,35
teacher,35
violent,35
web,35
adult,36
airport,36
better,36
bounce,36
bring,36
dangerous,36
dinner,36
dream,36
establish,36
expect,36
factory,36
grace,36
harvest,36
island,36
magic,36
native,36
original,36
oven,36
piano,36
rabbit,36
running,36
silly,36
spell,36
swimming,36
tear,36
vacation,36
vote,36
will,36
with,36
actor,37
admit,37
alarm,37
alive,37
basement,37
bath,37
before,37
brilliant,37
butter,37
buy,37
circus,37
comb,37
context,37
cool,37
custom,37
doll,37
fare,37
fee,37
fishing,37
funny,37
garbage,37
hour,37
loose,37
noun,37
now,37
pill,37
please,37
pressure,37
pretty,37
promise,37
secret,37
statue,37
strict,37
tyre,37
wonder,37
writer,37
around,38
artist,38
bay,38
careful,38
detail,38
fancy,38
fat,38
inside,38
loud,38
near,38
passenger,38
poem,38
possible,38
publish,38
schedule,38
sight,38
sofa,38
stamp,38
upset,38
wedding,38
zoo,38
appropriate,39
brother,39
climb,39
cooking,39
drum,39
error,39
everything,39
extra,39
false,39
far,39
find,39
freeze,39
hall,39
inch,39
necessary,39
or,39
prepare,39
represent,39
soap,39
storm,39
temperature,39
traffic,39
wait,39
wide,39
about,40
and,40
bite,40
chemical,40
customer,40
difference,40
fashion,40
four,40
history,40
indicate,40
jacket,40
kite,40
lamp,40
leather,40
lip,40
mat,40
pleasant,40
pool,40
quickly,40
radio,40
save,40
supermarket,40
tea,40
ticket,40
want,40
zero,40
correct,41
danger,41
diamond,41
fence,41
fog,41
future,41
grape,41
it,41
liberty,41
method,41
night,41
own,41
past,41
rubber,41
ruin,41
say,41
shine,41
wallet,41
warm,41
ask,42
attitude,42
attractive,42
bottle,42
conversation,42
countryside,42
different,42
geography,42
lizard,42
musical,42
pig,42
pilot,42
rich,42
sailing,42
significant,42
silver,42
special,42
advantage,43
birthday,43
brain,43
but,43
chance,43
classroom,43
commitment,43
discover,43
duck,43
finish,43
first,43
fork,43
fridge,43
harm,43
hat,43
hill,43
lack,43
map,43
opera,43
runner,43
stuff,43
suitcase,43
telephone,43
unpleasant,43
wet,43
allow,44
bathroom,44
bench,44
cereal,44
creature,44
english,44
feather,44
float,44
football,44
gather,44
hurt,44
miss,44
moment,44
not,44
pet,44
police,44
provide,44
request,44
sale,44
search,44
slide,44
suitable,44
truth,44
wild,44
wool,44
addition,45
adjective,45
all,45
brush,45
easy,45
escape,45
hide,45
host,45
kitten,45
lady,45
laugh,45
minute,45
nice,45
pair,45
population,45
red,45
rug,45
shadow,45
simple,45
snake,45
snow,45
temple,45
thin,45
whole,45
answer,46
apple,46
bottom,46
enter,46
excellent,46
fault,46
girl,46
knife,46
march,46
mother,46
nation,46
need,46
patient,46
political,46
problem,46
social,46
something,46
swing,46
together,46
challenge,47
claim,47
coach,47
coast,47
dollar,47
ear,47
flight,47
for,47
fur,47
gold,47
grow,47
habit,47
hotel,47
jack,47
learn,47
lorry,47
official,47
potato,47
push,47
read,47
site,47
society,47
sugar,47
village,47
walking,47
wash,47
advertisement,48
away,48
beautiful,48
boss,48
camp,48
difficult,48
entrance,48
evidence,48
fan,48
foreign,48
kick,48
last,48
mall,48
museum,48
painting,48
pen,48
role,48
rope,48
staff,48
swallow,48
task,48
understand,48
young,48
agent,49
corn,49
couch,49
count,49
example,49
fail,49
fortune,49
hope,49
importance,49
in,49
intelligence,49
meet,49
parent,49
pick,49
project,49
refrigerator,49
rent,49
report,49
sail,49
solution,49
star,49
steal,49
success,49
swim,49
annoy,50
attempt,50
bell,50
bicycle,50
button,50
choice,50
citizen,50
communicate,50
crime,50
cupboard,50
develop,50
divide,50
dust,50
father,50
feel,50
forward,50
internet,50
lie,50
officer,50
queen,50
roof,50
shock,50
similar,50
slow,50
write,50
yellow,50
bedroom,51
drill,51
engine,51
magazine,51
plastic,51
put,51
quiet,51
row,51
safe,51
screen,51
sell,51
sheep,51
soft,51
straight,51
bowl,52
destroy,52
disturb,52
drawing,52
even,52
insect,52
leader,52
movie,52
stream,52
boy,53
bus,53
corner,53
cost,53
flag,53
model,53
perform,53
physical,53
production,53
rain,53
sink,53
soup,53
sum,53
team,53
toy,53
belt,54
cook,54
culture,54
dry,54
egg,54
fine,54
grade,54
keep,54
news,54
old,54
pay,54
ride,54
shake,54
soldier,54
station,54
tone,54
trust,54
win,54
apply,55
bend,55
dead,55
education,55
exchange,55
job,55
living,55
principal,55
scene,55
sentence,55
share,55
spot,55
taste,55
tell,55
bee,56
come,56
contest,56
desert,56
die,56
ghost,56
health,56
leaf,56
mail,56
path,56
proper,56
quick,56
reading,56
second,56
sleep,56
speak,56
suit,56
think,56
tooth,56
accident,57
atom,57
create,57
date,57
effort,57
gift,57
help,57
male,57
moon,57
occupation,57
other,57
regular,57
return,57
speech,57
step,57
tip,57
toilet,57
baby,58
build,58
chain,58
college,58
competition,58
cry,58
forest,58
full,58
grass,58
heavy,58
little,58
lose,58
lot,58
on,58
release,58
smoke,58
specific,58
split,58
two,58
wrong,58
appear,59
beginning,59
blue,59
bug,59
down,59
effect,59
hospital,59
hot,59
lock,59
mine,59
offer,59
receive,59
rush,59
software,59
speed,59
trip,59
year,59
accept,60
article,60
audience,60
bit,60
club,60
cup,60
fight,60
ill,60
join,60
king,60
list,60
natural,60
oil,60
seed,60
theatre,60
thick,60
thought,60
chicken,61
cloud,61
concern,61
direct,61
fill,61
furniture,61
journey,61
meal,61
new,61
print,61
rate,61
to,61
trade,61
try,61
vegetable,61
bone,62
clock,62
cloth,62
crowd,62
dish,62
female,62
fix,62
garage,62
guard,62
military,62
month,62
mountain,62
over,62
platform,62
short,62
source,62
style,62
cap,63
cold,63
consequence,63
eat,63
important,63
lake,63
library,63
medicine,63
public,63
sand,63
weak,63
age,64
experience,64
free,64
science,64
separate,64
shoot,64
smooth,64
strength,64
strong,64
symbol,64
target,64
tie,64
trick,64
wheel,64
black,65
capital,65
centre,65
consider,65
copy,65
design,65
gate,65
kind,65
opinion,65
out,65
pan,65
plan,65
player,65
practise,65
shade,65
start,65
surprise,65
band,66
clothes,66
deep,66
display,66
environment,66
goal,66
happy,66
meeting,66
neck,66
plane,66
salt,66
bright,67
green,67
just,67
meaning,67
question,67
real,67
spread,67
string,67
title,67
after,68
expression,68
file,68
follow,68
increase,68
nest,68
shelf,68
single,68
skill,68
very,68
attention,69
captain,69
express,69
figure,69
ice,69
item,69
live,69
notice,69
shoe,69
student,69
talk,69
wear,69
world,69
care,70
coat,70
communication,70
drawer,70
fear,70
hard,70
milk,70
noise,70
nose,70
outside,70
roll,70
shot,70
size,70
spring,70
true,70
bread,71
clean,71
complete,71
dark,71
deal,71
friend,71
pocket,71
price,71
restaurant,71
tap,71
address,72
fair,72
front,72
heart,72
influence,72
match,72
net,72
pull,72
stand,72
tail,72
television,72
test,72
castle,73
cross,73
get,73
jump,73
memory,73
page,73
park,73
shell,73
window,73
big,74
court,74
crown,74
long,74
matter,74
member,74
passage,74
reason,74
result,74
voice,74
arm,75
can,75
double,75
heat,75
paint,75
performance,75
programme,75
situation,75
kitchen,76
meat,76
reach,76
serve,76
wing,76
picture,77
sea,77
section,77
stay,77
wave,77
bat,78
circle,78
column,78
common,78
fact,78
garden,78
leave,78
look,78
range,78
seat,78
sense,78
study,78
doctor,79
fit,79
image,79
raise,79
sun,79
well,79
being,80
burn,80
chair,80
channel,80
cow,80
top,80
watch,80
worker,80
autumn,81
bag,81
collection,81
manner,81
mouse,81
nature,81
negative,81
carry,82
feature,82
text,82
argument,83
newspaper,83
produce,83
song,83
stage,83
statement,83
sweet,83
yard,83
story,84
weather,84
weight,84
close,85
door,85
instrument,85
large,85
lift,85
message,85
see,85
store,85
track,85
white,85
woman,85
branch,86
check,86
dress,86
farm,86
fast,86
idea,86
interest,86
low,86
root,86
stone,86
cake,87
clear,87
dance,87
give,87
judge,87
language,87
street,87
throw,87
trouble,87
university,87
ability,88
block,88
day,88
entertainment,88
film,88
flower,88
level,88
wall,88
be,89
frame,89
gas,89
handle,89
one,89
view,89
blow,90
hair,90
pleasure,90
sky,90
square,90
up,90
appearance,91
eye,91
fly,91
high,91
law,91
name,91
post,91
race,91
account,92
call,92
control,92
mind,92
ocean,92
purpose,92
system,92
bank,93
mean,93
sign,93
strike,93
bear,94
cause,94
hit,94
key,94
market,94
score,94
drink,95
feeling,95
open,95
quarter,95
rule,95
back,96
sport,96
hole,97
love,97
road,97
tool,97
wind,97
boat,98
government,98
period,98
river,98
touch,98
type,98
writing,98
course,99
record,99
attack,100
direction,100
glass,100
great,100
party,100
scale,100
shape,100
church,101
subject,101
travel,101
company,102
desk,102
dog,102
mouth,102
drop,103
bridge,104
fruit,104
product,104
round,104
way,104
coin,105
have,105
thing,105
card,106
leg,106
small,106
train,106
do,107
cat,108
catch,108
floor,108
fun,108
knowledge,108
side,108
face,109
family,109
note,109
board,110
case,110
end,110
letter,110
exercise,111
walk,111
machine,112
ring,112
wood,112
foot,113
like,113
man,113
bad,114
draw,114
container,115
function,115
town,115
character,116
child,116
metal,117
pass,117
drive,118
field,118
mark,118
ship,118
stop,118
degree,119
finger,119
fish,119
present,119
turn,119
business,120
earth,120
fire,121
piece,121
right,122
structure,122
life,125
power,125
rock,125
colour,126
a,127
bill,127
form,127
flat,129
horse,129
base,130
shop,130
bird,131
country,131
art,132
bed,132
hand,132
information,132
issue,134
material,134
event,135
show,135
support,135
area,136
force,137
land,137
hold,138
use,138
class,139
word,140
quality,141
paper,143
car,144
order,145
unit,145
play,146
make,147
condition,148
cover,148
box,149
game,149
tree,149
change,150
lead,150
value,151
music,152
plate,152
room,152
ball,153
activity,154
air,155
break,156
computer,156
ground,157
city,159
bar,160
home,160
plant,161
light,163
space,163
good,164
school,164
table,164
position,165
act,169
group,170
money,170
sound,171
cut,175
go,175
number,175
office,175
take,180
book,182
state,190
set,191
human,192
move,192
run,207
head,213
building,214
work,215
time,219
body,221
food,228
point,229
line,236
house,245
part,248
action,263
animal,263
people,278
water,283
place,285
person,455
