word,level,pos
a,starters,determiner
a few,flyers,determiner
a little,flyers,adverb|determiner
a lot,starters,adverb|pronoun
a lot of,starters,determiner
a.m.,flyers,noun
ability,a2,noun
about,starters,preposition
above,movers,preposition
abroad,a2,adverb
accept,a2,verb
acceptable,a2,adjective
accident,a2,noun
account,a2,noun
achieve,a2,verb
across,flyers,preposition
act,flyers,verb
action,a1,noun
activity,a1,noun
actor,flyers,noun
actually,flyers,adverb
add,starters,verb
addition,a2,noun
additional,a2,adjective
address,movers,noun
adjective,a2,noun
adjust,a2,verb
admire,a2,verb
admit,a2,verb
adult,a2,adjective
advanced,a2,adjective
advantage,a2,noun
adventure,flyers,noun
advertisement,a2,noun
advertising,a2,noun
advice,a2,noun
advise,a2,verb
afraid,movers,adjective
after,movers,preposition
afternoon,starters,adjective
again,starters,adverb
age,movers,noun
aged,a2,adjective
agency,a2,noun
agent,a2,noun
ago,flyers,adverb
agree,flyers,verb
ahead,a2,adverb
air,flyers,noun
airport,flyers,noun
aisle,a2,noun
alarm,a2,noun
alarm clock,a2,noun
album,a1,noun
alex,starters,noun
alice,starters,noun
alien,starters,noun
alive,a2,adjective
all,movers,adjective|adverb|determiner|pronoun
all right,movers,adjective|adverb
allow,a2,verb
almost,a1,adverb
alone,flyers,adjective|adverb
along,movers,preposition
alphabet,starters,noun
already,flyers,adverb
alright,a2,adjective
also,flyers,adverb
always,movers,adverb
amazing,flyers,adjective|exclamation
ambition,a2,noun
ambulance,flyers,noun
amused,a2,adjective
amusement,a2,noun
an,starters,determiner
ancestor,a2,noun
ancient,a2,adjective
and,starters,conjunction
angel,a2,noun
angrily,a2,adverb
angry,starters,adjective
animal,starters,noun
ankle,a2,noun
ann,starters,noun
anna,starters,noun
anniversary,a2,noun
annoy,a2,verb
annoying,a2,adjective
another,movers,determiner|pronoun
answer,starters,noun|verb
anxious,a2,adjective
any,movers,determiner|pronoun
anymore,a2,adverb
anyone,flyers,pronoun
anything,flyers,pronoun
anyway,a2,adverb
anywhere,flyers,adverb
apart,a2,adverb
apartment,a2,noun
app,movers,noun
apparently,a2,adverb
appear,flyers,verb
appearance,a2,noun
apple,starters,noun
apply,a2,verb
appointment,a2,noun
appreciate,a2,verb
appropriate,a2,adjective
april,flyers,noun
apron,a1,noun
architecture,a2,noun
area,a2,noun
argue,a2,verb
argument,a2,noun
arm,starters,noun
armchair,starters,noun
armed,a2,adjective
around,movers,preposition
arrive,flyers,verb
art,flyers,noun
article,a1,noun
artificial,a2,adjective
artist,flyers,noun
as,flyers,adverb
as ... as,flyers,adverb
ask,starters,noun|verb
asleep,movers,adjective
assistant,a2,adjective
association,a2,noun
astronaut,flyers,noun
at,starters,preposition
at the moment,flyers,adverb
athlete,a2,noun
atom,a2,noun
attack,a2,noun
attempt,a2,noun
attention,a2,noun
attitude,a2,noun
attractive,a2,adjective
audience,a2,noun
audio,a2,adjective
august,flyers,noun
aunt,movers,noun
author,a2,noun
automatic,a2,adjective
automatically,a2,adverb
autumn,flyers,noun
average,a2,adjective
avoid,a2,verb
awake,movers,adjective
award,a2,noun
away,flyers,adverb
awful,a2,adjective
baby,starters,noun
back,movers,adjective|adverb|noun
background,a2,noun
bad,movers,adjective
badly,movers,adverb
badminton,starters,noun
bag,starters,noun
bake,a2,verb
balcony,movers,noun
ball,starters,noun
balloon,starters,noun
banana,starters,noun
band,movers,noun
bandage,flyers,noun
bank,flyers,noun
banking,a2,noun
bar,a1,noun
barbecue,a2,noun
barber,a2,noun
bargain,a2,noun
base,a2,noun
baseball,starters,noun
baseball cap,starters,noun
basement,movers,noun
basic,a2,adjective
basically,a2,adverb
basket,a2,noun
basketball,starters,noun
bat,starters,noun
batch,a2,noun
bath,starters,noun
bathroom,starters,noun
battery,a2,noun
bay,a2,noun
be,starters,verb
be called,movers,verb
beach,starters,noun
bean,starters,noun
bear,starters,noun
beard,movers,noun
beautiful,starters,adjective
beauty,a2,noun
because,movers,conjunction
become,a1,verb
bed,starters,noun
bedroom,starters,noun
bee,starters,noun
beef,a1,noun
beetle,flyers,noun
before,movers,preposition
beg,a2,verb
begin,flyers,verb
beginner,a2,noun
beginning,a2,noun
behind,starters,preposition
being,a2,noun
believe,flyers,verb
bell,a1,noun
belly,a2,noun
belong,a2,verb
below,movers,preposition
belt,flyers,noun
ben,starters,noun
bench,a2,noun
bend,a2,verb
besides,a2,adverb
best,movers,adjective|adverb
better,movers,adjective|adverb
betty,flyers,noun
between,starters,preposition
bicycle,flyers,noun
big,starters,adjective
bike,starters,noun
bill,starters,noun
bin,flyers,noun
bird,starters,noun
birth,a1,noun
birthday,starters,verb
biscuit,flyers,noun
bit,flyers,noun
bite,a2,noun
black,starters,adjective|noun
blackboard,a2,noun
blame,a2,verb
blank,a1,adjective
blanket,movers,noun
block,a1,noun
blond,movers,adjective
blonde,a2,adjective
bloom,a2,noun
blow,a2,noun
blue,starters,adjective|noun
board,starters,noun
board game,starters,noun
boat,starters,noun
body,starters,noun
boil,a2,verb
boiled,a2,adjective
bone,a1,noun
bonus,a2,noun
book,starters,noun
bookcase,starters,noun
bookshelf,a2,noun
bookshop,starters,noun
bookstore,a1,noun
boots,starters,noun
bored,flyers,adjective
boring,movers,adjective
borrow,flyers,verb
boss,a2,noun
both,movers,determiner|pronoun
bother,a2,verb
bottle,movers,noun
bottom,movers,adjective|noun
bounce,starters,verb
bowl,movers,noun
box,starters,noun
boy,starters,noun
boyfriend,a1,noun
bra,a2,noun
bracelet,flyers,noun
brain,a1,noun
brainstorm,a2,noun
brake,a2,noun
branch,a2,noun
brand,a2,noun
brave,movers,adjective
bread,starters,noun
break,movers,noun|verb
breakfast,starters,noun
breathe,a1,verb
breeze,a2,noun
bride,a2,noun
bridge,flyers,noun
bright,a1,adjective
brilliant,movers,adjective|exclamation
bring,movers,verb
broken,flyers,adjective
brother,starters,noun
brown,starters,adjective|noun
brush,flyers,noun|verb
bucket,a1,noun
budget,a2,noun
bug,a2,noun
build,movers,verb
building,movers,noun
bulb,a2,noun
burger,starters,noun
burn,flyers,verb
bury,a2,verb
bus,starters,noun
bus station,movers,noun
bus stop,movers,noun
bush,a2,noun
business,flyers,noun
businessman,flyers,noun
businesswoman,flyers,noun
busy,movers,adjective
but,starters,conjunction
butter,flyers,noun
butterfly,flyers,noun
button,a1,noun
buy,movers,verb
by,movers,preposition
by myself,flyers,adverb
by yourself,flyers,adverb
bye,starters,exclamation
cab,a2,noun
cafeteria,a2,noun
café,movers,noun
cage,movers,noun
cake,starters,noun
calendar,flyers,noun
call,movers,verb
camel,flyers,noun
camera,starters,noun
camp,flyers,verb
camping,a2,noun
campus,a2,noun
can,starters,verb
candy,a1,noun
cap,a1,noun
capital,a2,noun
capital letter,a2,noun
captain,a2,noun
car,starters,noun
car park,movers,noun
card,flyers,noun
care,a1,noun
careful,movers,adjective
carefully,movers,adverb
carrot,starters,noun
carry,movers,verb
cartoon,flyers,verb
case,a1,noun
cash,a2,noun
cassette,a2,noun
castle,flyers,noun
cat,starters,noun
catch,starters,verb
cause,a2,verb
cave,flyers,noun
cd,movers,noun
cd player,a1,noun
celebrate,a1,verb
celebration,a1,noun
cent,a2,noun
centre,movers,noun
century,flyers,noun
cereal,flyers,noun
certain,a2,adjective
certainly,a2,adverb
chain,a2,noun
chair,starters,noun
chairman,a2,noun
challenge,a2,noun
championship,a2,noun
chance,a2,noun
change,movers,verb
channel,flyers,verb
chapter,a2,noun
character,a1,noun
charlie,movers,noun
chart,a2,noun
chat,flyers,verb
cheap,flyers,adjective
check,a1,noun
cheek,a2,noun
cheer,a2,verb
cheese,movers,noun
chef,a2,noun
chemical,a2,adjective
chemist,flyers,noun
cheque,a2,noun
chess,flyers,verb
chest,a2,noun
chicken,starters,noun
child,starters,noun
childhood,a2,noun
chimpanzee,a2,noun
chin,a2,noun
chips,starters,noun
chirp,a2,noun
chocolate,starters,noun
choice,a2,noun
choose,starters,verb
chopsticks,flyers,noun
church,a1,noun
cinema,movers,noun
circle,movers,noun
circus,movers,noun
citizen,a2,noun
city,movers,noun
city center,movers,noun
claim,a2,verb
clap,starters,verb
clare,movers,noun
class,starters,noun
classic,a2,adjective
classical music,a2,noun
classmate,starters,noun
classroom,starters,noun
clean,a1,adjective
cleaner,a2,noun
clear,a2,adjective
clearly,a2,adverb
clerk,a2,noun
clever,movers,adjective
click,a2,verb
climb,movers,verb
climbing,a2,noun
clock,starters,noun
clone,a2,verb
close,starters,verb
closed,starters,adjective
cloth,a1,noun
clothes,starters,noun
cloud,movers,noun
cloudy,movers,adjective
clown,movers,noun
club,flyers,noun
clue,a2,noun
coach,a1,noun
coast,a2,noun
coat,movers,noun
coconut,starters,noun
code,a1,noun
coffee,movers,noun
coin,a2,noun
coke,a1,noun
cola,a2,noun
cold,movers,adjective|noun
collect,flyers,adjective
collection,a1,noun
college,flyers,noun
colour,starters,adjective|noun|verb
column,a2,noun
comb,flyers,noun|verb
come,starters,verb
come on,movers,exclamation
comfortable,a2,adjective
comic,movers,noun
comic book,movers,noun
commitment,a2,noun
committee,a2,noun
common,a2,adjective
communicate,a2,verb
communication,a2,noun
company,a2,noun
comparative,a2,noun
compare,a2,verb
competition,flyers,noun
complain,a2,verb
complaint,a2,noun
complete,starters,verb
composer,a2,noun
computer,starters,noun
concentrate,a2,verb
concern,a2,noun
concert,flyers,verb
condition,a2,noun
confident,a2,adjective
confuse,a2,verb
confused,a2,adjective
consequence,a2,noun
consider,a2,verb
consist,a2,verb
contact,a2,noun
container,a2,noun
contest,a1,noun
context,a2,noun
continent,a2,noun
continue,a2,verb
contrast,a2,noun
control,a2,noun
convenience,a2,noun
convenient,a2,adjective
conversation,flyers,noun
cook,movers,noun
cooker,flyers,noun
cookie,a1,noun
cooking,a2,noun
cool,starters,adjective|exclamation
cooler,a2,noun
cop,a1,noun
copy,a1,noun
corn,a1,noun
corner,flyers,noun
correct,starters,adjective|noun|verb
correctly,a2,adverb
cost,a2,noun
costume,flyers,noun
couch,a1,noun
cough,movers,noun|verb
could,movers,verb
count,starters,verb
country,movers,noun
countryside,movers,noun
couple,a2,noun
course,a1,noun
court,a2,noun
cousin,starters,noun
cover,a1,noun
cow,starters,noun
crayon,starters,noun
crazy,a2,adjective
cream,a2,adjective
create,a2,verb
creative,a2,adjective
creativity,a2,noun
creature,flyers,noun
credit,a2,noun
credit card,a1,noun
cricket,a2,noun
crime,a2,noun
crisp,a2,noun
crocodile,starters,noun
cross,starters,noun
crowd,a2,noun
crowded,a2,adjective
crown,flyers,noun
cruise,a2,noun
cry,movers,noun
culture,a1,noun
cup,movers,noun
cupboard,starters,noun
curly,movers,adjective
curry,a2,noun
curse,a2,noun
cushion,flyers,noun
custom,a2,noun
customer,a2,noun
cut,flyers,noun|verb
cute,a1,adjective
cycle,flyers,verb
cycling,a2,noun
dad,starters,noun
daddy,a1,noun
daily,a2,adjective
daisy,movers,noun
dam,a2,noun
dan,starters,noun
dance,movers,verb
dancer,a2,noun
dancing,a1,noun
danger,a2,noun
dangerous,movers,adjective
dark,flyers,adjective
date,flyers,noun
daughter,movers,noun
david,flyers,noun
day,starters,verb
daylight,a2,noun
dead,a2,adjective
deal,a2,noun
dear,flyers,adjective
debate,a2,noun
december,flyers,noun
decide,flyers,verb
deep,flyers,adjective
deeply,a2,adverb
degree,a2,noun
delay,a2,noun
delicious,flyers,adjective
dentist,movers,noun
department store,a2,noun
depend,a2,verb
describe,a1,verb
description,a2,noun
desert,flyers,noun
design,flyers,noun|verb
designer,flyers,noun
desk,starters,noun
dessert,a2,noun
destroy,a2,verb
detail,a2,noun
develop,a2,verb
developed,a2,adjective
diamond,a2,noun
diary,flyers,noun
dictionary,flyers,noun
die,a2,verb
diet,a2,noun
difference,movers,noun
different,movers,adjective
differently,a2,adverb
difficult,movers,adjective
difficulty,a2,noun
dig,a1,noun
digital camera,a2,noun
dining room,starters,noun
dinner,starters,noun
dinosaur,flyers,noun
direct,a2,adjective
direction,a2,noun
director,a2,noun
dirty,a1,adjective
disadvantage,a2,noun
disagree,a2,verb
disappear,flyers,verb
disappointed,a2,adjective
disappointing,a2,adjective
disco,a2,noun
discover,a2,verb
discuss,a1,verb
discussion,a2,noun
dish,a1,noun
dishonest,a2,adjective
dislike,a2,noun
display,a2,noun
disturb,a2,verb
divide,a2,verb
dizzy,a2,adjective
do,starters,verb
doctor,movers,noun
dog,starters,noun
doll,starters,noun
dollar,a1,noun
dolphin,movers,noun
don't worry,starters,exclamation
donkey,starters,noun
door,starters,noun
double,starters,adjective
doubt,a2,noun
down,movers,adverb|preposition
download,a2,verb
downstairs,movers,noun|preposition
downtown,a2,adverb
drama,a1,noun
draw,starters,noun
drawer,a2,noun
drawing,starters,noun
dream,movers,noun|verb
dress,starters,noun
dress up,movers,verb
dressed,a2,adjective
drill,a2,noun
drink,starters,noun|verb
drive,starters,verb
driver,movers,noun
drop,movers,verb
drugstore,a2,noun
drum,flyers,adjective|verb
dry,movers,adjective|verb
duck,starters,noun
due,a1,adjective
during,flyers,preposition
dust,a2,noun
dvd,movers,noun
e-book,movers,noun
each,flyers,determiner|pronoun
eagle,flyers,noun
ear,starters,noun
earache,movers,noun
early,flyers,adjective|adverb
earn,a2,verb
earring,a2,noun
earth,flyers,noun
earthquake,a2,noun
easily,a2,adverb
east,flyers,adjective|noun|preposition
easy,movers,adjective
eat,starters,noun
editor,a2,noun
education,a2,noun
educational,a2,adjective
effect,a2,noun
effort,a2,noun
egg,starters,noun
eight,starters,adjective|noun
eight hundred,flyers,adjective|noun
eighteen,starters,adjective|noun
eighteenth,movers,adjective|noun
eighth,movers,adjective|noun
eighty,movers,adjective|noun
either,a1,adverb
elbow,flyers,noun
elderly,a2,adjective
electric,a2,adjective
elementary,a1,adjective
elephant,starters,noun
elevator,a2,noun
eleven,starters,adjective|noun
eleventh,movers,adjective|noun
else,flyers,adverb
elsewhere,a2,adverb
email,movers,noun|verb
embarrassing,a2,adjective
emergency,a2,noun
emma,flyers,noun
empty,flyers,adjective
encourage,a2,verb
end,starters,noun|verb
endangered,a2,adjective
ending,a2,noun
energetic,a2,adjective
engine,flyers,noun
engineer,flyers,noun
english,starters,adjective|noun
enjoy,starters,verb
enormous,flyers,adjective
enough,flyers,adjective|pronoun
enter,flyers,verb
entertainment,a2,noun
entrance,flyers,noun
envelope,flyers,noun
environment,flyers,noun
envy,a2,noun
episode,a2,noun
error,a2,noun
escalator,a2,noun
escape,a2,noun
especially,a2,adverb
essay,a2,noun
establish,a2,verb
euro,a2,noun
eva,starters,noun
even,a2,adverb
evening,starters,verb
event,a1,noun
ever,flyers,adverb
every,movers,determiner
everyday,a1,adjective
everyone,movers,pronoun
everything,movers,pronoun
everywhere,flyers,adverb
evidence,a2,noun
exactly,a2,adverb
exam,a2,noun
example,starters,noun
excellent,flyers,adjective|exclamation
exchange,a2,noun
excited,flyers,adjective
exciting,movers,adjective
excuse,a1,noun
excuse me,movers,discourse_marker
exercise,a2,noun
exhibition,a2,noun
exist,a2,verb
exit,flyers,noun
expect,a2,verb
expensive,flyers,adjective
experience,a2,noun
expert,a2,noun
explain,flyers,verb
explanation,a2,noun
explore,flyers,verb
express,a2,noun
expression,a2,noun
extinct,flyers,adjective
extra,a2,adjective
extremely,a2,adverb
eye,starters,noun
face,starters,noun
fact,a2,noun
factory,flyers,noun
fail,a2,verb
fair,movers,adjective
fairly,a2,adverb
fairy,a1,noun
fall,movers,verb
fall over,flyers,verb
false,a1,adjective
familiar,a2,adjective
family,starters,noun
famous,movers,adjective
fan,a1,noun
fancy,a2,adjective
fantastic,starters,adjective|exclamation
far,flyers,adjective|adverb
fare,a2,noun
farm,movers,noun
farmer,movers,noun
fascinating,a2,adjective
fashion,a2,noun
fast,flyers,adjective|adverb
fast food,a2,noun
fat,movers,adjective
father,a1,noun
fault,a2,noun
favourite,starters,adjective
fear,a2,noun
feather,a2,noun
feature,a2,noun
february,flyers,noun
fee,a2,noun
feed,movers,verb
feel,flyers,verb
feeling,a1,noun
female,a2,adjective
fence,a2,noun
festival,flyers,verb
fetch,flyers,verb
fever,a1,noun
fiction,a2,noun
field,movers,noun
fifteen,starters,adjective|noun
fifteenth,movers,adjective|noun
fifth,movers,adjective|noun
fifty,movers,adjective|noun
fight,a1,noun
fighter,a2,noun
figure,a2,noun
file,flyers,noun
fill,a1,verb
film,movers,noun
final,a2,adjective
finally,a2,adverb
find,starters,verb
find out,flyers,verb
fine,movers,adjective|exclamation
finger,flyers,noun
finish,flyers,verb
fire,flyers,noun
fire engine,flyers,noun
fire fighter,flyers,noun
fire station,flyers,noun
first,movers,adjective|adverb|noun
first name,a2,noun
fish,starters,noun|verb
fisherman,a2,noun
fishing,starters,noun
fit,a2,adjective
five,starters,adjective|noun
five hundred,flyers,adjective|noun
fix,movers,verb
flag,flyers,noun
flat,starters,noun
flea,a2,noun
flight,a2,noun
float,a2,noun
flood,a2,noun
floor,starters,noun
flour,flyers,noun
flower,starters,noun
fly,starters,noun|verb
focus,a1,verb
fog,flyers,noun
foggy,flyers,adjective
folder,a2,noun
follow,flyers,verb
following,a1,adjective
food,starters,noun
fool,a2,noun
foot,starters,noun
football,starters,noun
footballer,a2,noun
for,starters,preposition
forbid,a2,verb
force,a2,noun
foreign,a1,adjective
foreigner,a1,noun
forest,movers,noun
forever,a2,adverb
forget,flyers,verb
fork,flyers,noun
form,a1,noun
fortunately,a2,adverb
fortune,a2,noun
forty,movers,adjective|noun
forward,a2,adverb
four,starters,adjective|noun
four hundred,flyers,adjective|noun
fourteen,starters,adjective|noun
fourteenth,movers,adjective|noun
fourth,movers,adjective|noun
frame,a2,noun
frank,flyers,noun
fred,movers,noun
free,a1,adjective
freedom,a2,noun
freeze,a2,verb
fresh,a2,adjective
friday,movers,noun
fridge,flyers,noun
fried,a2,adjective
friend,starters,noun
friendly,flyers,adjective
friendship,a2,noun
frighten,a2,verb
frightened,movers,adjective
frightening,flyers,adjective
frog,starters,noun
from,starters,preposition
front,flyers,adjective|noun|preposition
fruit,starters,noun
fry,a2,noun
full,flyers,adjective
fully,a2,adverb
fun,starters,adjective|noun
function,a2,verb
funfair,movers,noun
funny,starters,adjective
fur,flyers,noun
furniture,a2,noun
furry,flyers,adjective
further,a2,adjective
future,flyers,noun
gallery,a2,noun
game,starters,noun
garage,a2,noun
garbage,a1,noun
garden,starters,noun
garlic,a2,noun
gas,a2,noun
gate,flyers,noun
gather,a2,verb
gender,a2,noun
generation,a2,noun
gentle,a2,adjective
geography,flyers,noun
george,flyers,noun
get,starters,verb
get dressed,movers,verb
get off,movers,verb
get on,movers,verb
get to,flyers,verb
get undressed,movers,verb
get up,movers,verb
ghost,a1,noun
gift,a1,noun
giraffe,starters,noun
girl,starters,noun
girlfriend,a1,noun
give,starters,verb
given,a2,adjective
glad,a1,adjective
glass,movers,noun
glasses,starters,noun
globe,a2,noun
glove,flyers,noun
glue,flyers,noun|verb
go,starters,verb
go away,flyers,exclamation
go out,flyers,verb
go shopping,movers,verb
go to bed,starters,verb
go to sleep,starters,verb
goal,movers,noun
goat,starters,noun
gold,flyers,adjective|noun
golden,a2,adjective
golf,flyers,verb
good,starters,adjective
good-looking,a2,adjective
goodbye,starters,exclamation
government,a2,noun
grace,starters,noun
grade,a1,noun
gradually,a2,adverb
graduate,a2,verb
grammar,a1,noun
grandchild,a2,noun
granddad,a2,noun
granddaughter,movers,noun
grandfather,starters,noun
grandma,starters,noun
grandmother,starters,noun
grandpa,starters,noun
grandparent,movers,noun
grandson,movers,noun
granny,a2,noun
grape,starters,noun
grass,movers,noun
grateful,a2,adjective
great,starters,adjective|exclamation
greatly,a2,adverb
greedy,a2,adjective
green,starters,adjective|noun
greet,a1,verb
grey,starters,adjective|noun
grilled,a2,adjective
grocery store,a2,noun
ground,movers,noun
group,flyers,noun
grow,movers,verb
grown-up,movers,noun
guard,a2,noun
guess,flyers,noun|verb
guest,a1,noun
guidebook,a2,noun
guitar,starters,noun
guy,a1,noun
gym,flyers,noun
habit,a1,noun
hair,starters,noun
haircut,a1,noun
half,flyers,adjective|noun
half-price,a2,adjective
hall,starters,noun
ham,a2,noun
hamburger,a1,noun
hand,starters,noun
handbag,starters,noun
handicapped,a2,adjective
handle,a2,noun
handsome,a1,adjective
happen,flyers,verb
happily,a2,adverb
happiness,a2,noun
happy,starters,adjective
hard,a1,adjective
hardly,a2,adverb
harm,a2,verb
harmful,a2,adjective
harmony,a2,noun
harry,flyers,noun
harvest,a2,noun
hat,starters,noun
hate,flyers,verb
have,starters,verb
have [got] to,movers,verb
have got,starters,verb
he,starters,pronoun
head,starters,noun
headache,movers,noun
headphone,a2,noun
headteacher,a2,noun
health,a1,noun
healthy,a1,adjective
hear,flyers,verb
heart,a1,noun
heat,a2,noun
heating,a2,noun
heavily,a2,adverb
heavy,flyers,adjective
helen,flyers,noun
helicopter,starters,noun
hello,starters,exclamation
helmet,movers,noun
help,movers,verb
helpful,a2,adjective
her,starters,possessive|pronoun
here,starters,adverb|noun|preposition
hero,a2,noun
hers,starters,pronoun
hi,starters,exclamation
hide,movers,verb
high,flyers,adjective
high school,a2,noun
highway,a2,noun
hike,a2,noun
hiking,a2,noun
hill,flyers,noun
him,starters,pronoun
hippo,starters,noun
his,starters,possessive|pronoun
history,flyers,noun
hit,starters,verb
hobby,starters,noun
hockey,starters,noun
hold,starters,verb
hole,flyers,noun
holiday,movers,noun
holly,flyers,noun
home,starters,noun
hometown,a1,noun
homework,movers,noun
honey,flyers,noun
hooray,starters,exclamation
hop,movers,verb
hope,flyers,noun
horrible,flyers,adjective
horror,a2,noun
horse,starters,noun
hospital,movers,noun
host,a2,noun
hot,movers,adjective
hotel,flyers,noun
hour,flyers,noun
house,starters,noun
how,starters,adverb|interrogative
how long,flyers,adverb|interrogative
how many,starters,interrogative
how much,movers,adverb|interrogative
how often,movers,adverb|interrogative
how old,starters,interrogative
however,a2,adverb
hug,a2,verb
huge,movers,adjective
hugo,starters,noun
human,a2,adjective
hundred,movers,adjective|noun
hungry,movers,adjective|verb
hunter,a2,noun
hurry,flyers,verb
hurt,movers,verb
husband,flyers,noun
i,starters,pronoun
ice,movers,noun
ice cream,starters,noun
ice skates,movers,noun
ice skating,movers,noun
id,a2,noun
id card,a2,noun
idea,a1,noun
ideal,a1,adjective
if,flyers,conjunction
if you want,flyers,exclamation
ill,movers,adjective
illegal,a2,adjective
image,a2,noun
imagination,a2,noun
imagine,a1,verb
impact,a2,noun
impatient,a2,adjective
importance,a2,noun
important,flyers,adjective
importantly,a2,adverb
impossible,a2,adjective
impress,a2,verb
improve,flyers,verb
in,starters,preposition
in a minute,flyers,exclamation
in front of,starters,preposition
inch,a2,noun
include,a2,verb
increase,a2,verb
indeed,a2,adverb
independence,a2,noun
indicate,a2,verb
indoor,a2,adjective
inexpensive,a2,adjective
influence,a2,noun
information,flyers,noun
injure,a2,verb
inner,a2,adjective
insect,flyers,noun
inside,a2,adverb
inspiration,a2,noun
instant,a2,adjective
instead,flyers,adverb
instrument,flyers,verb
intelligence,a2,noun
intelligent,a2,adjective
interest,a2,noun
interested,flyers,adjective
interesting,flyers,adjective
international,a2,adjective
internet,movers,noun
interview,a1,noun
interviewer,a1,noun
introduce,a1,verb
invade,a2,verb
invent,flyers,verb
invention,a2,noun
invitation,flyers,verb
invite,a2,verb
island,movers,noun
issue,a2,noun
it,starters,pronoun
item,a1,noun
its,starters,possessive|pronoun
jack,movers,noun
jacket,starters,noun
jam,flyers,noun
jane,movers,noun
january,flyers,noun
jeans,starters,noun
jelly,a2,noun
jellyfish,starters,noun
jet,a1,noun
jill,starters,noun
jim,movers,noun
job,flyers,noun
join,flyers,adjective
joke,a2,noun
journalist,flyers,noun
journey,flyers,noun
joy,a2,noun
judge,a1,verb
juice,starters,noun
julia,movers,noun
july,flyers,noun
jump,starters,verb
june,flyers,noun
jungle,movers,noun
junior,a2,adjective
junk,a2,noun
just,a1,adverb
kangaroo,movers,noun
katy,flyers,noun
keep,flyers,verb
key,flyers,noun
keyboard,starters,noun
kick,starters,verb
kid,starters,noun
killer,a2,noun
kilo,a2,noun
kilometre,flyers,noun
kim,starters,noun
kind,movers,noun
kindly,a2,adjective
king,flyers,noun
kingdom,a2,noun
kiss,a1,noun
kit,a2,noun
kitchen,starters,noun
kite,starters,noun
kitten,movers,noun
kiwi,starters,noun
knee,flyers,noun
knife,flyers,noun
knock,a2,noun
know,a1,verb
knowledge,a2,noun
lack,a2,noun
lady,a1,noun
lake,movers,noun
lamp,starters,noun
land,flyers,noun
landscape,a2,noun
lane,a2,noun
language,flyers,noun
laptop,movers,noun
large,flyers,adjective
last,movers,adjective|adverb
last name,a1,noun
late,flyers,adjective
later,flyers,noun
latest,a2,adjective
latter,a2,adverb
laugh,movers,noun|verb
law,a2,noun
lawyer,a2,noun
laziness,a2,noun
lazy,flyers,adjective
lead,a2,noun
leader,a1,noun
leaf,movers,noun
learn,starters,verb
learner,a2,noun
leather,a2,noun
leave,flyers,verb
left,flyers,adjective|noun|preposition
left-hand,a2,adjective
leg,starters,noun
leisure,a2,noun
lemon,starters,noun
lemonade,starters,noun
lend,a2,verb
less,a2,adverb
lesson,starters,noun
let,flyers,verb
let's,starters,verb
letter,starters,noun
level,a2,noun
liberty,a2,noun
library,movers,noun
lie,flyers,verb
life,a1,noun
lifestyle,a2,noun
lift,movers,noun|verb
light,flyers,noun|verb
like,starters,preposition|verb
likely,a2,adjective
lily,movers,noun
lime,starters,noun
line,starters,noun
lion,movers,noun
lip,a2,noun
list,a1,noun
listen,starters,verb
little,movers,adjective
live,starters,verb
lively,a2,adjective
living,a1,adjective
living room,starters,noun
lizard,starters,noun
load,a2,noun
local,a2,adjective
lock,a2,noun
logical,a2,adjective
london,flyers,noun
lonely,a1,adjective
long,starters,adjective
look,starters,verb
look after,flyers,verb
look at,starters,verb
look for,movers,verb
look like,flyers,verb
loose,a2,adjective
lorry,starters,noun
lose,movers,verb
lost,a2,adjective
lot,a1,adverb
lots,starters,adverb|pronoun
lots of,starters,determiner
loud,movers,adjective
loudly,movers,adverb
love,starters,verb
lovely,flyers,adjective
lover,a2,noun
low,flyers,adjective
luck,a1,noun
luckily,a2,adverb
lucky,flyers,adjective
lucy,starters,noun
lunch,starters,noun
lunchtime,a2,noun
lyric,a2,adjective
machine,movers,noun
mad,a2,adjective
magazine,flyers,verb
magic,a2,adjective
mail,a1,noun
main course,a2,noun
mainly,a2,adverb
major,a2,adjective
make,starters,verb
make sure,flyers,verb
make-up,a2,noun
maker,a2,noun
male,a2,noun
mall,a2,noun
man,starters,noun
manage,a2,verb
manager,flyers,noun
mango,starters,noun
manner,a2,noun
many,starters,determiner
map,movers,noun
march,flyers,noun
mark,starters,noun
market,movers,noun
married,flyers,adjective
marry,a2,verb
mary,movers,noun
mat,starters,noun
match,flyers,verb
material,a2,noun
maths,flyers,noun
matt,starters,noun
matter,movers,noun
max,a2,noun
may,starters,noun|verb
maybe,a1,adverb
me,starters,pronoun
me too,starters,discourse_marker
meal,flyers,noun
mean,movers,verb
meaning,a2,noun
meat,starters,noun
meatballs,starters,noun
mechanic,flyers,noun
medal,a2,noun
medical,a2,adjective
medicine,flyers,noun
meet,flyers,adjective
meeting,flyers,noun
melon,a2,noun
member,flyers,verb
memory,a1,noun
mention,a2,noun
menu,a2,noun
merry,a1,adjective
message,movers,noun|verb
meta,flyers,noun
metal,flyers,adjective|noun
method,a2,noun
michael,flyers,noun
midday,flyers,noun
middle,flyers,adjective|noun|preposition
midnight,flyers,noun
might,flyers,verb
military,a2,adjective
milk,starters,noun
milkshake,movers,noun
million,flyers,adjective|noun
mind,flyers,verb
mine,starters,pronoun
mineral water,a2,noun
minute,flyers,noun
mirror,starters,noun
miss,starters,title
missing,flyers,adjective
mistake,movers,noun
mix,flyers,verb
mobile,a2,adjective
mobile phone,a1,noun
model,movers,noun
modern,a2,adjective
mom,a1,noun
moment,a1,noun
monday,movers,noun
money,flyers,noun
monkey,starters,noun
monster,starters,noun
month,flyers,noun
mood,a2,noun
moon,movers,noun
more,movers,adverb|determiner|pronoun
morning,starters,noun
mosque,a2,noun
most,movers,adverb|determiner|pronoun
mostly,a2,adverb
mother,starters,noun
motorbike,starters,noun
motorway,flyers,noun
mountain,movers,noun
mouse,starters,noun
moustache,movers,noun
mouth,starters,noun
move,movers,verb
movie,a1,noun
mr,starters,title
mrs,starters,title
much,flyers,adverb|determiner|pronoun
mug,a2,noun
mum,starters,noun
museum,flyers,noun
mushroom,a2,noun
music,starters,noun
musical,a2,adjective
musician,a1,noun
must,movers,verb
my,starters,possessive
mysterious,a2,adjective
mystery,a2,noun
name,starters,noun
napkin,a2,noun
nation,a2,noun
national,a2,adjective
nationality,a1,noun
native,a2,adjective
natural,a2,adjective
nature,a2,noun
naughty,movers,adjective
near,movers,preposition
nearly,a2,adverb
necessary,a2,adjective
neck,movers,noun
necklace,flyers,noun
need,movers,verb
negative,a2,adjective
nervous,a2,adjective
nest,flyers,noun
net,movers,noun
never,movers,adverb
new,starters,adjective
news,flyers,noun
newspaper,flyers,noun
next,flyers,adjective|adverb
next to,starters,preposition
nice,starters,adjective
nick,starters,noun
night,starters,noun
nine,starters,adjective|noun
nine hundred,flyers,adjective|noun
nineteen,starters,adjective|noun
nineteenth,movers,adjective|noun
ninety,movers,adjective|noun
ninth,movers,adjective|noun
no,starters,adverb|determiner
no problem,flyers,exclamation
no-one,flyers,pronoun
noise,movers,noun
noisy,flyers,adjective
noodles,movers,noun
noon,a2,noun
normal,a2,adjective
north,flyers,adjective|noun|preposition
nose,starters,noun
not,starters,adverb
note,a1,noun
notebook,a1,noun
nothing,movers,pronoun
notice,a2,noun
noun,a2,noun
novel,a2,noun
november,flyers,noun
now,starters,adverb
nowadays,a2,adverb
nowhere,flyers,adverb
number,starters,noun
nurse,movers,noun
o'clock,movers,adjective
oak,a2,noun
occupation,a2,noun
ocean,flyers,noun
october,flyers,noun
octopus,flyers,noun
of,starters,determiner
of course,flyers,adverb
off,movers,adverb|preposition
offer,a2,noun
office,flyers,noun
officer,a1,noun
official,a2,adjective
often,movers,adverb
oh,starters,discourse_marker
oh dear,starters,exclamation
oil,a2,noun
ok,starters,adjective|discourse_marker
old,starters,adjective
olive oil,a2,noun
oliver,flyers,noun
olives,flyers,noun
olympic,a2,adjective
olympics,a1,noun
on,starters,adjective|preposition
once,flyers,adverb
one,starters,determiner|noun|pronoun
onion,starters,noun
online,flyers,adjective
only,movers,adverb
open,starters,adjective|verb
opera,a1,noun
operate,a2,verb
opinion,a2,noun
opportunity,a2,noun
oppose,a2,verb
opposite,movers,preposition
or,starters,conjunction
orange,starters,adjective|noun
order,a1,noun
original,a2,adjective
orphan,a2,noun
other,flyers,determiner|pronoun
our,starters,possessive
ours,starters,pronoun
out,movers,adverb
out of,movers,preposition
outside,movers,adverb|noun|preposition
oven,flyers,noun
over,flyers,adverb|preposition
overseas,a2,adverb
overweight,a2,adjective
own,a1,adjective
owner,a1,noun
o’clock,movers,noun
p.m.,flyers,noun
pacific,a2,adjective
pack,a2,noun
page,starters,noun
paint,a1,noun
painter,a2,noun
painting,starters,noun
pair,movers,adjective|noun
pal,a2,noun
palace,a1,noun
pan,a2,noun
pancake,movers,noun
panda,movers,noun
panic,a2,noun
pants,a1,noun
paper,starters,noun
paragraph,a1,noun
pardon,starters,interrogative
parent,movers,noun
park,starters,noun
parrot,movers,noun
part,starters,noun
partly,a2,adverb
partner,a1,noun
party,movers,noun
pass,a2,noun
passage,a2,noun
passenger,flyers,noun
past,flyers,preposition
pasta,movers,noun
pat,starters,noun
path,flyers,noun
patient,a2,noun
paul,movers,noun
pay,a1,noun
pc,a2,noun
pea,starters,noun
peace,a1,noun
peaceful,a2,adjective
pear,starters,noun
pen,starters,noun
pence,a2,noun
pencil,starters,noun
penguin,movers,noun
people,a1,noun
pepper,flyers,noun
perfect,a2,adjective
perfectly,a2,adverb
perform,a2,verb
performance,a2,noun
perfume,a2,noun
perhaps,flyers,adverb
period,a1,noun
permission,a2,noun
person,starters,noun
personal,a1,adjective
personality,a2,noun
pet,starters,noun
peter,movers,noun
petrol,a2,noun
petrol station,a2,noun
phone,starters,noun
photo,starters,noun
photograph,a2,noun
photographer,flyers,noun
photography,a2,noun
physical,a2,adjective
physically,a2,adverb
piano,starters,noun
pick,a1,verb
picnic,movers,noun
picture,starters,noun
pie,starters,noun
piece,flyers,noun
pig,a1,noun
pile,a2,noun
pilgrim,a2,noun
pill,a2,noun
pilot,flyers,noun
pineapple,starters,noun
pink,starters,adjective|noun
pirate,movers,noun
pity,a2,noun
pizza,flyers,noun
place,movers,noun
plan,a1,noun
plane,starters,noun
planet,flyers,noun
plant,movers,noun
plastic,flyers,noun
plate,movers,noun
platform,flyers,noun
play,starters,verb
player,movers,noun
playful,a2,adjective
playground,starters,noun
pleasant,a2,adjective
please,starters,discourse_marker
pleased,flyers,adjective
pleasing,a2,adjective
pleasure,a1,noun
plenty,a2,noun
plural,a2,noun
pocket,flyers,noun
poem,a1,noun
point,starters,verb
polar bear,starters,noun
police,a2,noun
police officer,flyers,noun
police station,flyers,noun
policeman,a2,noun
policewoman,a2,noun
polite,a2,adjective
political,a2,adjective
pollute,a2,verb
pollution,a1,noun
pond,flyers,noun
pool,movers,noun
poor,flyers,adjective
pop,a1,noun
pop music,flyers,verb
pop star,movers,noun
popular,flyers,adjective
population,a2,noun
portrait,a2,noun
position,a2,noun
possible,a2,adjective
possibly,a2,adverb
post,flyers,verb
post office,flyers,noun
postcard,flyers,noun
poster,starters,noun
potato,starters,noun
pour,a2,verb
power,a2,noun
powerful,a2,adjective
practice,a1,noun
practise,movers,noun|verb
pray,a1,verb
precise,a2,adjective
predict,a2,verb
prediction,a2,noun
prefer,flyers,verb
prepare,a2,verb
present,movers,noun
pressure,a2,noun
pretend,a2,verb
pretty,a1,adjective
prevent,a2,verb
price,a1,noun
pride,a2,noun
prince,a1,noun
princess,a1,noun
principal,a2,adjective
print,a2,verb
printer,a2,noun
private,a2,adjective
prize,flyers,verb
pro,a2,noun
probably,a2,adverb
problem,flyers,noun
produce,a2,verb
product,a2,noun
production,a2,noun
professional,a2,adjective
programme,flyers,verb
progressive,a2,adjective
project,flyers,noun
promise,a2,noun
pronounce,a2,verb
pronunciation,a2,noun
proper,a2,adjective
provide,a2,verb
psychologist,a2,noun
public,a2,noun
publish,a2,verb
pull,flyers,verb
punctuation,a2,noun
puppy,movers,noun
purple,starters,adjective|noun
purpose,a2,noun
pursue,a2,verb
push,flyers,verb
put,starters,verb
put on,movers,verb
puzzle,flyers,verb
pyjamas,flyers,noun
pyramid,flyers,verb
quality,a2,noun
quarter,flyers,noun
queen,flyers,noun
question,starters,noun
quick,movers,adjective
quickly,movers,adverb
quiet,movers,adjective
quietly,movers,adverb
quit,a2,verb
quite,a2,adverb
quiz,flyers,verb
rabbit,movers,noun
race,flyers,adjective|verb
racing car,flyers,noun
racket,a2,noun
radio,starters,noun
railway,flyers,noun
rain,movers,noun
rainbow,movers,noun
raincoat,a2,noun
rainy,a1,adjective
raise,a2,verb
range,a2,noun
rap,a2,noun
rat,a1,noun
rate,a2,noun
rather,a2,adverb
rating,a2,noun
raw,a2,adjective
ray,a2,noun
reach,a2,verb
read,starters,verb
reader,a1,noun
reading,a1,noun
ready,flyers,adjective
real,a1,adjective
really,starters,conjunction
reason,a1,noun
receipt,a2,noun
receive,a2,verb
recent,a2,adjective
recently,a2,adverb
receptionist,a2,noun
record,a2,verb
recycle,a2,verb
red,starters,adjective|noun
refer,a2,verb
reflect,a2,verb
refrigerator,a2,noun
regret,a2,verb
regular,a2,adjective
regularly,a2,adverb
relax,a2,verb
relaxed,a2,adjective
release,a2,noun
remain,a2,verb
remember,flyers,verb
remind,a2,verb
remote,a2,adjective
rent,a2,noun
repair,flyers,verb
repeat,flyers,verb
replace,a2,verb
reply,a2,noun
report,a2,noun
reporter,a1,noun
represent,a2,verb
request,a2,noun
research,a2,noun
response,a2,noun
restaurant,flyers,noun
result,a1,noun
retire,a2,verb
retired,a2,adjective
return,a2,noun
reunion,a2,noun
reveal,a2,verb
review,a1,noun
rhythm,a2,noun
ribbon,a1,noun
rice,starters,noun
rich,flyers,adjective
richard,flyers,noun
ride,starters,verb
right,starters,adjective|discourse_marker|noun|preposition
right-hand,a2,adjective
ring,flyers,noun
river,movers,noun
road,movers,noun
roast,a2,verb
rob,a2,verb
robbery,a2,noun
robert,flyers,noun
robin,a2,noun
robot,starters,noun
rock,movers,noun
rock music,flyers,verb
rocket,flyers,noun
role,a1,noun
roll,a2,noun
roller skates,movers,noun
roller skating,movers,noun
romance,a2,noun
romantic,a2,adjective
roof,movers,noun
room,starters,noun
root,a2,noun
rope,a2,noun
rose,a1,noun
roughly,a2,adverb
round,movers,adjective|adverb|preposition
roundabout,a2,noun
row,a1,noun
royal,a2,adjective
rubber,starters,noun
rucksack,flyers,noun
rude,a1,adjective
rug,starters,noun
rugby,a2,noun
ruin,a2,verb
rule,a1,noun
ruler,starters,noun
run,starters,verb
runner,a2,noun
running,a2,noun
rush,a2,noun
sad,starters,adverb
sadly,a2,adverb
safe,movers,adjective
sail,movers,verb
sailing,a2,noun
sailor,a1,noun
sake,a2,noun
salad,movers,noun
sale,a1,noun
sally,movers,noun
salt,flyers,noun
sam,starters,noun
same,flyers,adjective
sample,a2,noun
sand,starters,noun
sandwich,movers,noun
sandy,a2,adjective
sarah,flyers,noun
satisfy,a2,verb
saturday,movers,noun
sauce,movers,noun
sausage,starters,noun
save,flyers,verb
saw,a1,noun
say,starters,verb
scale,a2,noun
scarf,movers,noun
scary,starters,adjective
scene,a2,noun
scenery,a2,noun
schedule,a2,noun
school,starters,noun
schoolchild,a2,noun
schoolwork,a2,noun
science,flyers,noun
scientific,a2,adjective
scientist,a1,noun
scissors,flyers,noun
score,movers,noun|verb
scream,a2,noun
screen,flyers,noun
screw,a2,noun
script,a2,noun
sea,starters,noun
seafood,a2,noun
search,flyers,noun|verb
seaside,a2,noun
seat,movers,noun
second,movers,adjective|adverb|noun
secret,flyers,adjective|noun
secretary,a2,noun
section,a1,noun
see,starters,verb
see you,starters,exclamation
seed,a2,noun
seek,a2,verb
seem,a2,verb
self,a1,noun
sell,flyers,verb
semester,a2,noun
send,movers,verb
senior,a2,adjective
sense,a2,noun
sentence,starters,noun
separate,a2,adjective
september,flyers,noun
seriously,a2,adverb
serve,a2,verb
set,a2,noun
seven,starters,adjective|noun
seven hundred,flyers,adjective|noun
seventeen,starters,adjective|noun
seventeenth,movers,adjective|noun
seventh,movers,adjective|noun
seventy,movers,adjective|noun
several,flyers,adjective|noun
sew,a2,verb
shade,a2,noun
shadow,a2,noun
shake,a1,noun
shall,movers,verb
shampoo,flyers,noun
shape,movers,noun
share,a2,noun
shark,movers,noun
she,starters,pronoun
sheep,starters,noun
shelf,flyers,noun
shell,starters,noun
shine,a2,verb
ship,starters,noun
shirt,starters,noun
shock,a2,noun
shoe,starters,noun
shoot,a2,verb
shop,starters,noun
shop assistant,a2,noun
shopping,a1,noun
shopping centre,movers,noun
shore,a2,noun
short,starters,adjective
shorts,starters,noun
shot,a2,noun
should,flyers,verb
shoulder,movers,noun
shout,movers,verb
show,starters,verb
shower,movers,noun|verb
shut,a2,verb
shy,a1,adjective
sick,movers,adjective
side,a1,noun
sight,a1,noun
sightseeing,a2,noun
sign,a1,noun
significant,a2,adjective
silence,a2,noun
silently,a2,adverb
silly,starters,adjective
silver,flyers,adjective|noun
similar,a2,adjective
simple,a2,adjective
simply,a2,adverb
since,flyers,preposition
sing,starters,verb
singer,flyers,noun
singing,a2,noun
single,a2,adjective
singular,a2,adjective
sink,a2,noun
sir,a1,noun
sister,starters,noun
sit,starters,verb
site,a1,noun
sitting room,a2,noun
situation,a2,noun
six,starters,adjective|noun
six hundred,flyers,adjective|noun
sixteen,starters,adjective|noun
sixteenth,movers,adjective|noun
sixth,movers,adjective|noun
sixty,movers,adjective|noun
size,a1,noun
skate,movers,verb
skateboard,starters,noun|verb
skateboarding,starters,noun
skating,a2,noun
ski,flyers,adjective
skiing,a2,noun
skill,a1,noun
skip,movers,verb
skirt,starters,noun
sky,movers,noun
skyscraper,flyers,adjective
sledge,flyers,verb
sleep,starters,verb
sleepless,a2,adjective
sleepy,a2,adjective
slice,a2,noun
slide,a2,noun
slim,a2,adjective
slow,movers,adjective
slowly,movers,adverb
small,starters,adjective
smart,a1,adjective
smell,flyers,verb
smile,starters,adjective|noun
smith,a1,noun
smoke,a1,noun
smoking,a1,noun
smooth,a2,adjective
smoothly,a2,adverb
snack,flyers,noun
snail,movers,noun
snake,starters,noun
snow,movers,noun
snowball,flyers,verb
snowboard,flyers,adjective|verb
snowboarding,flyers,verb
snowman,flyers,verb
snowy,a1,adjective
so,starters,adverb|conjunction|discourse_marker
soap,flyers,noun
soccer,a1,noun
social,a1,adjective
society,a2,noun
sock,starters,noun
soda,a2,noun
sofa,starters,noun
soft,flyers,adjective
soft drink,a2,noun
softly,a2,adverb
software,a2,noun
soldier,a2,noun
solution,a2,noun
solve,a1,verb
some,starters,determiner
someday,a2,adverb
someone,movers,pronoun
something,movers,pronoun
sometimes,movers,adverb
somewhere,flyers,adverb
son,movers,noun
song,starters,noun
soon,flyers,adverb
sophia,flyers,noun
sore,flyers,adjective
sorry,starters,adjective|interrogative
sound,flyers,noun|verb
soup,movers,noun
source,a2,noun
south,flyers,adjective|noun|preposition
space,flyers,noun
spaceship,flyers,noun
spaghetti,a2,noun
speak,flyers,verb
speaker,a2,noun
special,flyers,adjective
specific,a2,adjective
speech,a1,noun
speed,a2,noun
spell,starters,verb
spend,flyers,verb
spider,starters,noun
spill,a2,verb
splash,a2,verb
split,a2,adjective
spoon,flyers,noun
sport,starters,noun
sports centre,movers,noun
spot,flyers,noun
spotted,flyers,adjective
spread,a2,noun
spring,flyers,noun
spy,a1,noun
square,movers,adjective|noun
stadium,flyers,noun
staff,a2,noun
stage,flyers,verb
stair,movers,noun
stamp,flyers,noun|verb
stand,starters,verb
star,movers,noun
start,starters,verb
state,a2,noun
statement,a2,noun
station,movers,noun
statue,a2,noun
stay,flyers,verb
steak,a2,noun
steal,a2,verb
step,flyers,noun|verb
still,flyers,adverb
stomach,movers,noun
stomach-ache,movers,noun
stomachache,a2,noun
stone,flyers,noun
stop,starters,verb
store,a1,noun
storm,flyers,noun
story,starters,noun
stove,a2,noun
straight,movers,noun
straight on,flyers,preposition
strange,flyers,adjective
stranger,a2,noun
strategy,a2,noun
strawberry,flyers,noun
stream,flyers,noun
street,starters,noun
strength,a2,noun
strict,a1,adjective
strike,a2,noun
string,a2,noun
stripe,flyers,noun
striped,flyers,adjective
strong,movers,adjective
strongly,a2,adverb
structure,a2,noun
student,flyers,noun
study,flyers,verb
stuff,a2,noun
style,a2,noun
subject,flyers,noun
subway,a1,noun
succeed,a2,verb
success,a2,noun
successful,a1,adjective
successfully,a2,adverb
such,flyers,determiner
sudden,a2,adjective
suddenly,flyers,adverb
sue,starters,noun
sugar,flyers,noun
suggest,a2,verb
suggestion,a1,noun
suit,a2,noun
suitable,a2,adjective
suitcase,flyers,verb
sum,a1,noun
summary,a2,noun
summer,flyers,noun
sun,starters,noun
sunday,movers,noun
sunflower,a2,noun
sunglasses,flyers,noun
sunlight,a2,noun
sunny,movers,adjective
sunshine,a1,noun
super,a1,adjective
superlative,a2,noun
supermarket,movers,noun
superstar,a2,noun
supper,a2,noun
support,a2,noun
sure,flyers,adjective
surf,a1,noun
surfing,a2,noun
surname,flyers,noun
surprise,flyers,noun|verb
surprised,movers,adjective
surprising,a2,adjective
survey,a1,noun
survive,a2,verb
swallow,a2,verb
swan,flyers,noun
sweat,a2,verb
sweater,movers,noun
sweet,starters,adjective|noun
sweetheart,a2,noun
swim,starters,verb
swimming,a1,noun
swimming costume,a2,noun
swimming pool,movers,noun
swimsuit,movers,noun
swing,flyers,noun|verb
symbol,a2,noun
symphony,a2,noun
system,a2,noun
t-shirt,starters,noun
table,starters,noun
table tennis,starters,noun
tablespoon,a2,noun
tail,starters,noun
take,movers,verb
take a photo / picture,starters,verb
take off,movers,verb
talent,a2,noun
talk,starters,verb
tall,movers,adjective
tap,a2,noun
tape,a2,noun
target,a2,noun
task,a2,noun
taste,flyers,verb
taxi,flyers,noun
tea,movers,noun
teach,movers,verb
teacher,starters,noun
team,flyers,verb
tear,a2,noun
technology,a1,noun
teddy,starters,noun
teenage,a2,adjective
teenager,a2,noun
telephone,flyers,noun
television,a1,noun
television / tv,starters,noun
tell,starters,verb
temperature,movers,noun
temple,a1,noun
ten,starters,adjective|noun
tennis,starters,noun
tennis racket,starters,noun
tent,flyers,verb
tenth,movers,adjective|noun
terrible,movers,adjective
terrify,a2,verb
test,a1,noun
text,movers,noun|verb
text message,a2,noun
textbook,a2,noun
than,movers,conjunction|preposition
thank,flyers,verb
thank you,starters,discourse_marker
thanks,starters,discourse_marker
that,starters,determiner|pronoun
the,starters,determiner
theatre,flyers,noun
their,starters,possessive
theirs,starters,pronoun
them,starters,pronoun
then,starters,discourse_marker
there,starters,adverb|noun|preposition
therefore,a2,adverb
these,starters,determiner|pronoun
they,starters,pronoun
thick,a1,adjective
thief,a2,noun
thin,movers,adjective
thing,starters,noun
think,movers,verb
third,movers,adjective|noun
thirsty,movers,adjective|verb
thirteen,starters,adjective|noun
thirteenth,movers,adjective|noun
thirty,movers,adjective|noun
this,starters,determiner|pronoun
those,starters,determiner|pronoun
thought,a2,noun
thousand,flyers,adjective|noun
three,starters,adjective|noun
three hundred,flyers,adjective|noun
through,flyers,preposition
throw,starters,verb
thunderstorm,a2,noun
thursday,movers,noun
tick,starters,noun|verb
ticket,movers,noun
tidy,flyers,adjective
tie,a2,noun
tiger,starters,noun
tight,a1,adjective
tights,a2,noun
time,flyers,noun
timetable,flyers,noun
tip,a2,noun
tired,movers,adjective
title,a2,noun
to,starters,preposition
toast,a2,noun
today,starters,noun
toe,flyers,noun
together,flyers,adverb
toilet,a1,noun
tom,starters,noun
tomato,starters,noun
tomorrow,flyers,noun
tone,a2,noun
tonight,flyers,noun
too,starters,adverb
tool,a1,noun
tooth,movers,noun
toothache,movers,noun
toothbrush,movers,noun
toothpaste,movers,noun
top,movers,adjective|noun
topic,a1,noun
torch,flyers,verb
tortoise,flyers,noun
touch,flyers,verb
tour,flyers,noun|verb
tour guide,a2,noun
tourist,a2,noun
towel,movers,noun
tower,a1,noun
town,movers,noun
town center,movers,noun
toy,starters,noun
track,a2,noun
tractor,movers,noun
trade,a2,noun
tradition,a2,noun
traditional,a2,adjective
traffic,flyers,noun
traffic light,a2,noun
train,starters,noun
trainers,flyers,noun
training,a2,noun
tram,a2,noun
trap,a2,noun
travel,movers,verb
treasure,movers,noun
tree,starters,noun
trick,a2,noun
trip,movers,noun
trouble,a2,noun
trousers,starters,noun
truck,a1,noun
true,a1,adjective
truly,a2,adverb
trust,a2,verb
truth,a2,noun
try,starters,noun|verb
tube,a1,noun
tuesday,movers,noun
tune,flyers,verb
turkey,a1,noun
turn,flyers,verb
turn off,flyers,verb
turn on,flyers,verb
tv,a1,noun
twelfth,movers,adjective|noun
twelve,starters,adjective|noun
twentieth,movers,adjective|noun
twenty,starters,adjective|noun
twice,flyers,adverb
two,starters,adjective|noun
two hundred,flyers,adjective|noun
type,a1,noun
tyre,flyers,verb
ugly,starters,adjective
umbrella,flyers,noun
uncertain,a2,adjective
uncle,movers,noun
uncomfortable,a2,adjective
under,starters,preposition
underline,a1,noun
understand,starters,verb
underwater,a2,adjective
uneasy,a2,adjective
unfair,a2,adjective
unforgettable,a2,adjective
unfortunately,a2,adverb
unfriendly,flyers,adjective
unhappy,flyers,adjective
unhealthy,a2,adjective
uniform,flyers,noun
unimportant,a2,adjective
unit,a2,noun
university,flyers,noun
unkind,flyers,adjective
unknown,a2,adjective
unlike,a2,adjective
unnecessary,a2,adjective
unpleasant,a2,adjective
untidy,flyers,adjective
until,flyers,preposition
unusual,flyers,adjective
up,movers,adverb|preposition
upset,a2,adjective
upstairs,movers,noun|preposition
us,starters,pronoun
use,flyers,verb
used,a2,adjective
useful,a2,adjective
usual,a2,adjective
usually,flyers,adverb
vacation,a1,noun
valley,a2,noun
value,a2,noun
vase,a1,noun
vegetable,movers,noun
verb,a2,noun
very,a1,adverb
vicky,movers,noun
video,movers,noun
video game,a2,noun
view,flyers,noun
village,movers,noun
violent,a2,adjective
violin,flyers,verb
visit,flyers,verb
visitor,a2,noun
vocabulary,a2,noun
voice,a2,noun
volleyball,flyers,verb
vote,a1,noun
wait,movers,verb
waiter,flyers,noun
waitress,a1,noun
wake,a1,noun
wake up,movers,verb
walk,starters,noun|verb
walking,a2,noun
wall,starters,noun
wallet,a2,noun
wander,a2,verb
want,starters,verb
warm,flyers,adjective
wash,movers,verb
washing machine,a2,noun
washing-up,a2,noun
watch,starters,noun|verb
water,starters,noun
waterfall,movers,noun
watermelon,starters,noun
wave,movers,noun
way,flyers,noun
we,starters,pronoun
weak,movers,adjective
wealth,a2,noun
wear,starters,verb
weather,movers,noun
web,a2,noun
web page,a2,noun
website,movers,noun
wedding,a2,noun
wednesday,movers,noun
week,movers,noun
weekday,a2,noun
weekend,movers,noun
weekly,a2,adjective
weep,a2,noun
weigh,a2,verb
weight,a2,noun
welcome,a1,verb
well,starters,adjective|adverb|discourse_marker
well done,starters,discourse_marker
well-known,a2,adjective
west,flyers,adjective|noun|preposition
wet,movers,adjective
whale,movers,noun
what,starters,interrogative
wheel,flyers,noun
wheelchair,a2,noun
when,movers,adverb|conjunction|interrogative
where,starters,interrogative|pronoun
which,starters,interrogative|pronoun
while,flyers,conjunction
whisper,flyers,verb
whistle,flyers,verb
white,starters,adjective|noun
who,starters,interrogative|pronoun
whole,a2,adjective
whose,starters,interrogative
why,movers,interrogative
wide,a2,adjective
widely,a2,adverb
wife,flyers,noun
wifi,flyers,noun
wild,flyers,adjective
will,flyers,verb
william,flyers,noun
win,flyers,verb
wind,movers,noun
window,starters,noun
windy,movers,adjective
wing,flyers,noun
winner,flyers,verb
winter,flyers,noun
wisdom,a2,noun
wise,a2,adjective
wish,a1,noun
with,starters,preposition
without,flyers,preposition
woman,starters,noun
wonder,a2,verb
wonderful,flyers,preposition
wood,flyers,noun
wooden,a2,adjective
wool,flyers,noun
word,starters,noun
work,movers,noun
worker,a1,noun
world,movers,noun
worldwide,a2,adverb
worried,flyers,adjective
worry,a1,noun
worse,movers,adjective|adverb
worst,movers,adjective|adverb
would,movers,verb
would like,starters,verb
wow,starters,exclamation
write,starters,verb
writer,a1,noun
writing,a2,noun
wrong,movers,adjective
x-ray,flyers,noun|verb
yard,a1,noun
yeah,a2,adverb
year,starters,noun
yellow,starters,adjective|noun
yes,starters,adverb
yesterday,movers,noun
yet,flyers,adverb
yoghurt,flyers,noun
you,starters,pronoun
you're welcome,flyers,exclamation
young,starters,adjective
your,starters,possessive
yours,starters,pronoun
youth,a2,noun
zebra,starters,noun
zero,flyers,noun
zoe,movers,noun
zone,a2,noun
zoo,starters,noun
